{"_id":{"$oid":"54bca508ff0033ab0cde327a"},"category_id":{"$oid":"54bca508ff0033ab0cde3279"},"created_on":"Mon Jan 19 2015 06:32:40 GMT+0000 (UTC)","modified_on":"Mon Jan 19 2015 06:32:40 GMT+0000 (UTC)","name":"Strategy \u0026 Planning"}
{"_id":{"$oid":"54bca508ff0033ab0cde327b"},"category_id":{"$oid":"54bca508ff0033ab0cde3279"},"created_on":"Mon Jan 19 2015 06:32:40 GMT+0000 (UTC)","modified_on":"Mon Jan 19 2015 06:32:40 GMT+0000 (UTC)","name":"Finance"}
{"_id":{"$oid":"54bca508ff0033ab0cde327c"},"category_id":{"$oid":"54bca508ff0033ab0cde3279"},"created_on":"Mon Jan 19 2015 06:32:40 GMT+0000 (UTC)","modified_on":"Mon Jan 19 2015 06:32:40 GMT+0000 (UTC)","name":"Maintenance Repair and Operations"}
{"_id":{"$oid":"54bca508ff0033ab0cde327d"},"category_id":{"$oid":"54bca508ff0033ab0cde3279"},"created_on":"Mon Jan 19 2015 06:32:40 GMT+0000 (UTC)","modified_on":"Mon Jan 19 2015 06:32:40 GMT+0000 (UTC)","name":"Operations"}
{"_id":{"$oid":"54bca508ff0033ab0cde327e"},"category_id":{"$oid":"54bca508ff0033ab0cde3279"},"created_on":"Mon Jan 19 2015 06:32:40 GMT+0000 (UTC)","modified_on":"Mon Jan 19 2015 06:32:40 GMT+0000 (UTC)","name":"Sales"}
{"_id":{"$oid":"54bca508ff0033ab0cde327f"},"category_id":{"$oid":"54bca508ff0033ab0cde3279"},"created_on":"Mon Jan 19 2015 06:32:40 GMT+0000 (UTC)","modified_on":"Mon Jan 19 2015 06:32:40 GMT+0000 (UTC)","name":"Marketing"}
{"_id":{"$oid":"54bca508ff0033ab0cde3280"},"category_id":{"$oid":"54bca508ff0033ab0cde3279"},"created_on":"Mon Jan 19 2015 06:32:40 GMT+0000 (UTC)","modified_on":"Mon Jan 19 2015 06:32:40 GMT+0000 (UTC)","name":"Merchandizing"}
{"_id":{"$oid":"54bca508ff0033ab0cde3281"},"category_id":{"$oid":"54bca508ff0033ab0cde3279"},"created_on":"Mon Jan 19 2015 06:32:40 GMT+0000 (UTC)","modified_on":"Mon Jan 19 2015 06:32:40 GMT+0000 (UTC)","name":"Pricing"}
{"_id":{"$oid":"54bca508ff0033ab0cde3282"},"category_id":{"$oid":"54bca508ff0033ab0cde3279"},"created_on":"Mon Jan 19 2015 06:32:40 GMT+0000 (UTC)","modified_on":"Mon Jan 19 2015 06:32:40 GMT+0000 (UTC)","name":"Research and Development"}
{"_id":{"$oid":"54bca508ff0033ab0cde3283"},"category_id":{"$oid":"54bca508ff0033ab0cde3279"},"created_on":"Mon Jan 19 2015 06:32:40 GMT+0000 (UTC)","modified_on":"Mon Jan 19 2015 06:32:40 GMT+0000 (UTC)","name":"Product Development"}
{"_id":{"$oid":"54bca508ff0033ab0cde3284"},"category_id":{"$oid":"54bca508ff0033ab0cde3279"},"created_on":"Mon Jan 19 2015 06:32:40 GMT+0000 (UTC)","modified_on":"Mon Jan 19 2015 06:32:40 GMT+0000 (UTC)","name":"Supply Chain"}
{"_id":{"$oid":"54bca508ff0033ab0cde3285"},"category_id":{"$oid":"54bca508ff0033ab0cde3279"},"created_on":"Mon Jan 19 2015 06:32:40 GMT+0000 (UTC)","modified_on":"Mon Jan 19 2015 06:32:40 GMT+0000 (UTC)","name":"Risk Management"}
{"_id":{"$oid":"54bca508ff0033ab0cde3286"},"category_id":{"$oid":"54bca508ff0033ab0cde3279"},"created_on":"Mon Jan 19 2015 06:32:40 GMT+0000 (UTC)","modified_on":"Mon Jan 19 2015 06:32:40 GMT+0000 (UTC)","name":"Procurement"}
{"_id":{"$oid":"54bca508ff0033ab0cde3287"},"category_id":{"$oid":"54bca508ff0033ab0cde3279"},"created_on":"Mon Jan 19 2015 06:32:40 GMT+0000 (UTC)","modified_on":"Mon Jan 19 2015 06:32:40 GMT+0000 (UTC)","name":"Service and Support"}
{"_id":{"$oid":"54bca508ff0033ab0cde3288"},"category_id":{"$oid":"54bca508ff0033ab0cde3279"},"created_on":"Mon Jan 19 2015 06:32:40 GMT+0000 (UTC)","modified_on":"Mon Jan 19 2015 06:32:40 GMT+0000 (UTC)","name":"Human Resources"}
{"_id":{"$oid":"54bca508ff0033ab0cde3289"},"category_id":{"$oid":"54bca508ff0033ab0cde3279"},"created_on":"Mon Jan 19 2015 06:32:40 GMT+0000 (UTC)","modified_on":"Mon Jan 19 2015 06:32:40 GMT+0000 (UTC)","name":"IT"}
{"_id":{"$oid":"54bca508ff0033ab0cde328a"},"category_id":{"$oid":"54bca508ff0033ab0cde3279"},"created_on":"Mon Jan 19 2015 06:32:40 GMT+0000 (UTC)","modified_on":"Mon Jan 19 2015 06:32:40 GMT+0000 (UTC)","name":"Revenue Management"}
{"_id":{"$oid":"54bca508ff0033ab0cde328b"},"category_id":{"$oid":"54bca508ff0033ab0cde3279"},"created_on":"Mon Jan 19 2015 06:32:40 GMT+0000 (UTC)","modified_on":"Mon Jan 19 2015 06:32:40 GMT+0000 (UTC)","name":"Customer Relationship Management"}
{"_id":{"$oid":"54bca508ff0033ab0cde328c"},"category_id":{"$oid":"54bca508ff0033ab0cde3279"},"created_on":"Mon Jan 19 2015 06:32:40 GMT+0000 (UTC)","modified_on":"Mon Jan 19 2015 06:32:40 GMT+0000 (UTC)","name":"Customer Insights"}
{"_id":{"$oid":"54bca508ff0033ab0cde328d"},"category_id":{"$oid":"54bca508ff0033ab0cde3279"},"created_on":"Mon Jan 19 2015 06:32:40 GMT+0000 (UTC)","modified_on":"Mon Jan 19 2015 06:32:40 GMT+0000 (UTC)","name":"Web Analytics"}
{"_id":{"$oid":"54bca508ff0033ab0cde328e"},"category_id":{"$oid":"54bca508ff0033ab0cde3279"},"created_on":"Mon Jan 19 2015 06:32:40 GMT+0000 (UTC)","modified_on":"Mon Jan 19 2015 06:32:40 GMT+0000 (UTC)","name":"Underwriting"}
{"_id":{"$oid":"54bca508ff0033ab0cde328f"},"category_id":{"$oid":"54bca508ff0033ab0cde3279"},"created_on":"Mon Jan 19 2015 06:32:40 GMT+0000 (UTC)","modified_on":"Mon Jan 19 2015 06:32:40 GMT+0000 (UTC)","name":"Manufacturing"}
{"_id":{"$oid":"54bca508ff0033ab0cde3290"},"category_id":{"$oid":"54bca508ff0033ab0cde3279"},"created_on":"Mon Jan 19 2015 06:32:40 GMT+0000 (UTC)","modified_on":"Mon Jan 19 2015 06:32:40 GMT+0000 (UTC)","name":"Social Media"}
{"_id":{"$oid":"54bca508ff0033ab0cde3292"},"category_id":{"$oid":"54bca508ff0033ab0cde3291"},"created_on":"Mon Jan 19 2015 06:32:40 GMT+0000 (UTC)","modified_on":"Mon Jan 19 2015 06:32:40 GMT+0000 (UTC)","name":"Market Mix Modeling"}
{"_id":{"$oid":"54bca508ff0033ab0cde3293"},"category_id":{"$oid":"54bca508ff0033ab0cde3291"},"created_on":"Mon Jan 19 2015 06:32:40 GMT+0000 (UTC)","modified_on":"Mon Jan 19 2015 06:32:40 GMT+0000 (UTC)","name":"Customer Satisfaction and Experience"}
{"_id":{"$oid":"54bca508ff0033ab0cde3294"},"category_id":{"$oid":"54bca508ff0033ab0cde3291"},"created_on":"Mon Jan 19 2015 06:32:40 GMT+0000 (UTC)","modified_on":"Mon Jan 19 2015 06:32:40 GMT+0000 (UTC)","name":"Credit Risk Management"}
{"_id":{"$oid":"54bca508ff0033ab0cde3295"},"category_id":{"$oid":"54bca508ff0033ab0cde3291"},"created_on":"Mon Jan 19 2015 06:32:40 GMT+0000 (UTC)","modified_on":"Mon Jan 19 2015 06:32:40 GMT+0000 (UTC)","name":"Channel Optimization"}
{"_id":{"$oid":"54bca508ff0033ab0cde3296"},"category_id":{"$oid":"54bca508ff0033ab0cde3291"},"created_on":"Mon Jan 19 2015 06:32:40 GMT+0000 (UTC)","modified_on":"Mon Jan 19 2015 06:32:40 GMT+0000 (UTC)","name":"Sales"}
{"_id":{"$oid":"54bca508ff0033ab0cde3297"},"category_id":{"$oid":"54bca508ff0033ab0cde3291"},"created_on":"Mon Jan 19 2015 06:32:40 GMT+0000 (UTC)","modified_on":"Mon Jan 19 2015 06:32:40 GMT+0000 (UTC)","name":"Portfolio Stress testing"}
{"_id":{"$oid":"54bca508ff0033ab0cde3298"},"category_id":{"$oid":"54bca508ff0033ab0cde3291"},"created_on":"Mon Jan 19 2015 06:32:40 GMT+0000 (UTC)","modified_on":"Mon Jan 19 2015 06:32:40 GMT+0000 (UTC)","name":"Customer Lifetime Value"}
{"_id":{"$oid":"54bca508ff0033ab0cde3299"},"category_id":{"$oid":"54bca508ff0033ab0cde3291"},"created_on":"Mon Jan 19 2015 06:32:40 GMT+0000 (UTC)","modified_on":"Mon Jan 19 2015 06:32:40 GMT+0000 (UTC)","name":"Cross Sell Targeting"}
{"_id":{"$oid":"54bca508ff0033ab0cde329a"},"category_id":{"$oid":"54bca508ff0033ab0cde3291"},"created_on":"Mon Jan 19 2015 06:32:40 GMT+0000 (UTC)","modified_on":"Mon Jan 19 2015 06:32:40 GMT+0000 (UTC)","name":"Cross Sell Targeting"}
{"_id":{"$oid":"54bca508ff0033ab0cde329b"},"category_id":{"$oid":"54bca508ff0033ab0cde3291"},"created_on":"Mon Jan 19 2015 06:32:40 GMT+0000 (UTC)","modified_on":"Mon Jan 19 2015 06:32:40 GMT+0000 (UTC)","name":"Acquisition and Behavioral Scorecards"}
{"_id":{"$oid":"54bca508ff0033ab0cde329c"},"category_id":{"$oid":"54bca508ff0033ab0cde3291"},"created_on":"Mon Jan 19 2015 06:32:40 GMT+0000 (UTC)","modified_on":"Mon Jan 19 2015 06:32:40 GMT+0000 (UTC)","name":"Collections Management"}
{"_id":{"$oid":"54bca508ff0033ab0cde329d"},"category_id":{"$oid":"54bca508ff0033ab0cde3291"},"created_on":"Mon Jan 19 2015 06:32:40 GMT+0000 (UTC)","modified_on":"Mon Jan 19 2015 06:32:40 GMT+0000 (UTC)","name":"Market Research Analytics"}
{"_id":{"$oid":"54bca508ff0033ab0cde329e"},"category_id":{"$oid":"54bca508ff0033ab0cde3291"},"created_on":"Mon Jan 19 2015 06:32:40 GMT+0000 (UTC)","modified_on":"Mon Jan 19 2015 06:32:40 GMT+0000 (UTC)","name":"Call Center Optimization"}
{"_id":{"$oid":"54bca508ff0033ab0cde329f"},"category_id":{"$oid":"54bca508ff0033ab0cde3291"},"created_on":"Mon Jan 19 2015 06:32:40 GMT+0000 (UTC)","modified_on":"Mon Jan 19 2015 06:32:40 GMT+0000 (UTC)","name":"Web Analytics"}
{"_id":{"$oid":"54bca508ff0033ab0cde32a0"},"category_id":{"$oid":"54bca508ff0033ab0cde3291"},"created_on":"Mon Jan 19 2015 06:32:40 GMT+0000 (UTC)","modified_on":"Mon Jan 19 2015 06:32:40 GMT+0000 (UTC)","name":"Fraud Management Tools"}
{"_id":{"$oid":"54bca508ff0033ab0cde32a1"},"category_id":{"$oid":"54bca508ff0033ab0cde3291"},"created_on":"Mon Jan 19 2015 06:32:40 GMT+0000 (UTC)","modified_on":"Mon Jan 19 2015 06:32:40 GMT+0000 (UTC)","name":"Stress Testing and Scenario Analysis"}
{"_id":{"$oid":"54bca508ff0033ab0cde32a2"},"category_id":{"$oid":"54bca508ff0033ab0cde3291"},"created_on":"Mon Jan 19 2015 06:32:40 GMT+0000 (UTC)","modified_on":"Mon Jan 19 2015 06:32:40 GMT+0000 (UTC)","name":"Daily/Weekly Measure and Reporting"}
{"_id":{"$oid":"54bca508ff0033ab0cde32a3"},"category_id":{"$oid":"54bca508ff0033ab0cde3291"},"created_on":"Mon Jan 19 2015 06:32:40 GMT+0000 (UTC)","modified_on":"Mon Jan 19 2015 06:32:40 GMT+0000 (UTC)","name":"BASEL Compliance/ Monitoring"}
{"_id":{"$oid":"54bca508ff0033ab0cde32a4"},"category_id":{"$oid":"54bca508ff0033ab0cde3291"},"created_on":"Mon Jan 19 2015 06:32:40 GMT+0000 (UTC)","modified_on":"Mon Jan 19 2015 06:32:40 GMT+0000 (UTC)","name":"Asset Liability Matching"}
{"_id":{"$oid":"54bca508ff0033ab0cde32a5"},"category_id":{"$oid":"54bca508ff0033ab0cde3291"},"created_on":"Mon Jan 19 2015 06:32:40 GMT+0000 (UTC)","modified_on":"Mon Jan 19 2015 06:32:40 GMT+0000 (UTC)","name":"Portfolio Optimization"}
{"_id":{"$oid":"54bca508ff0033ab0cde32a6"},"category_id":{"$oid":"54bca508ff0033ab0cde3291"},"created_on":"Mon Jan 19 2015 06:32:40 GMT+0000 (UTC)","modified_on":"Mon Jan 19 2015 06:32:40 GMT+0000 (UTC)","name":"Interest Rate Risk Management"}
{"_id":{"$oid":"54bca508ff0033ab0cde32a7"},"category_id":{"$oid":"54bca508ff0033ab0cde3291"},"created_on":"Mon Jan 19 2015 06:32:40 GMT+0000 (UTC)","modified_on":"Mon Jan 19 2015 06:32:40 GMT+0000 (UTC)","name":"VaR Modeling"}
{"_id":{"$oid":"54bca508ff0033ab0cde32a8"},"category_id":{"$oid":"54bca508ff0033ab0cde3291"},"created_on":"Mon Jan 19 2015 06:32:40 GMT+0000 (UTC)","modified_on":"Mon Jan 19 2015 06:32:40 GMT+0000 (UTC)","name":"Regulatory Compliance"}
{"_id":{"$oid":"54bca508ff0033ab0cde32a9"},"category_id":{"$oid":"54bca508ff0033ab0cde3291"},"created_on":"Mon Jan 19 2015 06:32:40 GMT+0000 (UTC)","modified_on":"Mon Jan 19 2015 06:32:40 GMT+0000 (UTC)","name":"Pricing Collateralized Debt"}
{"_id":{"$oid":"54bca508ff0033ab0cde32aa"},"category_id":{"$oid":"54bca508ff0033ab0cde3291"},"created_on":"Mon Jan 19 2015 06:32:40 GMT+0000 (UTC)","modified_on":"Mon Jan 19 2015 06:32:40 GMT+0000 (UTC)","name":"Pure Premium Modeling"}
{"_id":{"$oid":"54bca508ff0033ab0cde32ab"},"category_id":{"$oid":"54bca508ff0033ab0cde3291"},"created_on":"Mon Jan 19 2015 06:32:40 GMT+0000 (UTC)","modified_on":"Mon Jan 19 2015 06:32:40 GMT+0000 (UTC)","name":"Price Optimization Management"}
{"_id":{"$oid":"54bca508ff0033ab0cde32ac"},"category_id":{"$oid":"54bca508ff0033ab0cde3291"},"created_on":"Mon Jan 19 2015 06:32:40 GMT+0000 (UTC)","modified_on":"Mon Jan 19 2015 06:32:40 GMT+0000 (UTC)","name":"Catastrophe Management and Reinsurance"}
{"_id":{"$oid":"54bca508ff0033ab0cde32ad"},"category_id":{"$oid":"54bca508ff0033ab0cde3291"},"created_on":"Mon Jan 19 2015 06:32:40 GMT+0000 (UTC)","modified_on":"Mon Jan 19 2015 06:32:40 GMT+0000 (UTC)","name":"Loss Modeling"}
{"_id":{"$oid":"54bca508ff0033ab0cde32ae"},"category_id":{"$oid":"54bca508ff0033ab0cde3291"},"created_on":"Mon Jan 19 2015 06:32:40 GMT+0000 (UTC)","modified_on":"Mon Jan 19 2015 06:32:40 GMT+0000 (UTC)","name":"Agency Incentive Compensation"}
{"_id":{"$oid":"54bca508ff0033ab0cde32af"},"category_id":{"$oid":"54bca508ff0033ab0cde3291"},"created_on":"Mon Jan 19 2015 06:32:40 GMT+0000 (UTC)","modified_on":"Mon Jan 19 2015 06:32:40 GMT+0000 (UTC)","name":"Lapsation Modeling"}
{"_id":{"$oid":"54bca508ff0033ab0cde32b0"},"category_id":{"$oid":"54bca508ff0033ab0cde3291"},"created_on":"Mon Jan 19 2015 06:32:40 GMT+0000 (UTC)","modified_on":"Mon Jan 19 2015 06:32:40 GMT+0000 (UTC)","name":"Licensing Evaluation"}
{"_id":{"$oid":"54bca508ff0033ab0cde32b1"},"category_id":{"$oid":"54bca508ff0033ab0cde3291"},"created_on":"Mon Jan 19 2015 06:32:40 GMT+0000 (UTC)","modified_on":"Mon Jan 19 2015 06:32:40 GMT+0000 (UTC)","name":"Competitive Landscape"}
{"_id":{"$oid":"54bca508ff0033ab0cde32b2"},"category_id":{"$oid":"54bca508ff0033ab0cde3291"},"created_on":"Mon Jan 19 2015 06:32:40 GMT+0000 (UTC)","modified_on":"Mon Jan 19 2015 06:32:40 GMT+0000 (UTC)","name":"Emerging Markets"}
{"_id":{"$oid":"54bca508ff0033ab0cde32b3"},"category_id":{"$oid":"54bca508ff0033ab0cde3291"},"created_on":"Mon Jan 19 2015 06:32:40 GMT+0000 (UTC)","modified_on":"Mon Jan 19 2015 06:32:40 GMT+0000 (UTC)","name":"Pricing Analysis"}
{"_id":{"$oid":"54bca508ff0033ab0cde32b4"},"category_id":{"$oid":"54bca508ff0033ab0cde3291"},"created_on":"Mon Jan 19 2015 06:32:40 GMT+0000 (UTC)","modified_on":"Mon Jan 19 2015 06:32:40 GMT+0000 (UTC)","name":"Forecasting"}
{"_id":{"$oid":"54bca508ff0033ab0cde32b5"},"category_id":{"$oid":"54bca508ff0033ab0cde3291"},"created_on":"Mon Jan 19 2015 06:32:40 GMT+0000 (UTC)","modified_on":"Mon Jan 19 2015 06:32:40 GMT+0000 (UTC)","name":"Market Entry Analysis"}
{"_id":{"$oid":"54bca508ff0033ab0cde32b6"},"category_id":{"$oid":"54bca508ff0033ab0cde3291"},"created_on":"Mon Jan 19 2015 06:32:40 GMT+0000 (UTC)","modified_on":"Mon Jan 19 2015 06:32:40 GMT+0000 (UTC)","name":"Opportunity Assessment"}
{"_id":{"$oid":"54bca508ff0033ab0cde32b7"},"category_id":{"$oid":"54bca508ff0033ab0cde3291"},"created_on":"Mon Jan 19 2015 06:32:40 GMT+0000 (UTC)","modified_on":"Mon Jan 19 2015 06:32:40 GMT+0000 (UTC)","name":"Epidemiology Studies"}
{"_id":{"$oid":"54bca508ff0033ab0cde32b8"},"category_id":{"$oid":"54bca508ff0033ab0cde3291"},"created_on":"Mon Jan 19 2015 06:32:40 GMT+0000 (UTC)","modified_on":"Mon Jan 19 2015 06:32:40 GMT+0000 (UTC)","name":"Unmet Need Analysis"}
{"_id":{"$oid":"54bca508ff0033ab0cde32b9"},"category_id":{"$oid":"54bca508ff0033ab0cde3291"},"created_on":"Mon Jan 19 2015 06:32:40 GMT+0000 (UTC)","modified_on":"Mon Jan 19 2015 06:32:40 GMT+0000 (UTC)","name":"Thought Leader Analysis"}
{"_id":{"$oid":"54bca508ff0033ab0cde32ba"},"category_id":{"$oid":"54bca508ff0033ab0cde3291"},"created_on":"Mon Jan 19 2015 06:32:40 GMT+0000 (UTC)","modified_on":"Mon Jan 19 2015 06:32:40 GMT+0000 (UTC)","name":"Product Safety Analysis and Text Mining"}
{"_id":{"$oid":"54bca508ff0033ab0cde32bb"},"category_id":{"$oid":"54bca508ff0033ab0cde3291"},"created_on":"Mon Jan 19 2015 06:32:40 GMT+0000 (UTC)","modified_on":"Mon Jan 19 2015 06:32:40 GMT+0000 (UTC)","name":"Clinical Trials Outcomes Reporting"}
{"_id":{"$oid":"54bca508ff0033ab0cde32bc"},"category_id":{"$oid":"54bca508ff0033ab0cde3291"},"created_on":"Mon Jan 19 2015 06:32:40 GMT+0000 (UTC)","modified_on":"Mon Jan 19 2015 06:32:40 GMT+0000 (UTC)","name":"Clinical Site Performance Assessment"}
{"_id":{"$oid":"54bca508ff0033ab0cde32bd"},"category_id":{"$oid":"54bca508ff0033ab0cde3291"},"created_on":"Mon Jan 19 2015 06:32:40 GMT+0000 (UTC)","modified_on":"Mon Jan 19 2015 06:32:40 GMT+0000 (UTC)","name":"Therapy Area Reports"}
{"_id":{"$oid":"54bca508ff0033ab0cde32be"},"category_id":{"$oid":"54bca508ff0033ab0cde3291"},"created_on":"Mon Jan 19 2015 06:32:40 GMT+0000 (UTC)","modified_on":"Mon Jan 19 2015 06:32:40 GMT+0000 (UTC)","name":"Claims Reporting"}
{"_id":{"$oid":"54bca508ff0033ab0cde32bf"},"category_id":{"$oid":"54bca508ff0033ab0cde3291"},"created_on":"Mon Jan 19 2015 06:32:40 GMT+0000 (UTC)","modified_on":"Mon Jan 19 2015 06:32:40 GMT+0000 (UTC)","name":"Managed Care Landscaping"}
{"_id":{"$oid":"54bca508ff0033ab0cde32c0"},"category_id":{"$oid":"54bca508ff0033ab0cde3291"},"created_on":"Mon Jan 19 2015 06:32:40 GMT+0000 (UTC)","modified_on":"Mon Jan 19 2015 06:32:40 GMT+0000 (UTC)","name":"Pricing and Reimbursement Analysis"}
{"_id":{"$oid":"54bca508ff0033ab0cde32c1"},"category_id":{"$oid":"54bca508ff0033ab0cde3291"},"created_on":"Mon Jan 19 2015 06:32:40 GMT+0000 (UTC)","modified_on":"Mon Jan 19 2015 06:32:40 GMT+0000 (UTC)","name":"Cost-Benefit Analysis"}
{"_id":{"$oid":"54bca508ff0033ab0cde32c2"},"category_id":{"$oid":"54bca508ff0033ab0cde3291"},"created_on":"Mon Jan 19 2015 06:32:40 GMT+0000 (UTC)","modified_on":"Mon Jan 19 2015 06:32:40 GMT+0000 (UTC)","name":"Health Economics and Outcomes Research"}
{"_id":{"$oid":"54bca508ff0033ab0cde32c3"},"category_id":{"$oid":"54bca508ff0033ab0cde3291"},"created_on":"Mon Jan 19 2015 06:32:40 GMT+0000 (UTC)","modified_on":"Mon Jan 19 2015 06:32:40 GMT+0000 (UTC)","name":"Compliance and Persistence Studies"}
{"_id":{"$oid":"54bca508ff0033ab0cde32c4"},"category_id":{"$oid":"54bca508ff0033ab0cde3291"},"created_on":"Mon Jan 19 2015 06:32:40 GMT+0000 (UTC)","modified_on":"Mon Jan 19 2015 06:32:40 GMT+0000 (UTC)","name":"Resource Optimization"}
{"_id":{"$oid":"54bca508ff0033ab0cde32c5"},"category_id":{"$oid":"54bca508ff0033ab0cde3291"},"created_on":"Mon Jan 19 2015 06:32:40 GMT+0000 (UTC)","modified_on":"Mon Jan 19 2015 06:32:40 GMT+0000 (UTC)","name":"Territory Alignment"}
{"_id":{"$oid":"54bca508ff0033ab0cde32c6"},"category_id":{"$oid":"54bca508ff0033ab0cde3291"},"created_on":"Mon Jan 19 2015 06:32:40 GMT+0000 (UTC)","modified_on":"Mon Jan 19 2015 06:32:40 GMT+0000 (UTC)","name":"Sampling Optimization"}
{"_id":{"$oid":"54bca508ff0033ab0cde32c7"},"category_id":{"$oid":"54bca508ff0033ab0cde3291"},"created_on":"Mon Jan 19 2015 06:32:40 GMT+0000 (UTC)","modified_on":"Mon Jan 19 2015 06:32:40 GMT+0000 (UTC)","name":"Call Planning"}
{"_id":{"$oid":"54bca508ff0033ab0cde32c8"},"category_id":{"$oid":"54bca508ff0033ab0cde3291"},"created_on":"Mon Jan 19 2015 06:32:40 GMT+0000 (UTC)","modified_on":"Mon Jan 19 2015 06:32:40 GMT+0000 (UTC)","name":"Incentive Compensation"}
{"_id":{"$oid":"54bca508ff0033ab0cde32c9"},"category_id":{"$oid":"54bca508ff0033ab0cde3291"},"created_on":"Mon Jan 19 2015 06:32:40 GMT+0000 (UTC)","modified_on":"Mon Jan 19 2015 06:32:40 GMT+0000 (UTC)","name":"Sales Force Effectiveness"}
{"_id":{"$oid":"54bca508ff0033ab0cde32ca"},"category_id":{"$oid":"54bca508ff0033ab0cde3291"},"created_on":"Mon Jan 19 2015 06:32:40 GMT+0000 (UTC)","modified_on":"Mon Jan 19 2015 06:32:40 GMT+0000 (UTC)","name":"Sales Force Decision Support"}
{"_id":{"$oid":"54bca508ff0033ab0cde32cb"},"category_id":{"$oid":"54bca508ff0033ab0cde3291"},"created_on":"Mon Jan 19 2015 06:32:40 GMT+0000 (UTC)","modified_on":"Mon Jan 19 2015 06:32:40 GMT+0000 (UTC)","name":"Market Assessments"}
{"_id":{"$oid":"54bca508ff0033ab0cde32cc"},"category_id":{"$oid":"54bca508ff0033ab0cde3291"},"created_on":"Mon Jan 19 2015 06:32:40 GMT+0000 (UTC)","modified_on":"Mon Jan 19 2015 06:32:40 GMT+0000 (UTC)","name":"Design of Experiments"}
{"_id":{"$oid":"54bca508ff0033ab0cde32cd"},"category_id":{"$oid":"54bca508ff0033ab0cde3291"},"created_on":"Mon Jan 19 2015 06:32:40 GMT+0000 (UTC)","modified_on":"Mon Jan 19 2015 06:32:40 GMT+0000 (UTC)","name":"Competitive Landscape Assessment"}
{"_id":{"$oid":"54bca508ff0033ab0cde32ce"},"category_id":{"$oid":"54bca508ff0033ab0cde3291"},"created_on":"Mon Jan 19 2015 06:32:40 GMT+0000 (UTC)","modified_on":"Mon Jan 19 2015 06:32:40 GMT+0000 (UTC)","name":"Revenue Forecasting"}
{"_id":{"$oid":"54bca508ff0033ab0cde32cf"},"category_id":{"$oid":"54bca508ff0033ab0cde3291"},"created_on":"Mon Jan 19 2015 06:32:40 GMT+0000 (UTC)","modified_on":"Mon Jan 19 2015 06:32:40 GMT+0000 (UTC)","name":"Segmentation and Targeting"}
{"_id":{"$oid":"54bca508ff0033ab0cde32d0"},"category_id":{"$oid":"54bca508ff0033ab0cde3291"},"created_on":"Mon Jan 19 2015 06:32:40 GMT+0000 (UTC)","modified_on":"Mon Jan 19 2015 06:32:40 GMT+0000 (UTC)","name":"Brand Trackers"}
{"_id":{"$oid":"54bca508ff0033ab0cde32d1"},"category_id":{"$oid":"54bca508ff0033ab0cde3291"},"created_on":"Mon Jan 19 2015 06:32:40 GMT+0000 (UTC)","modified_on":"Mon Jan 19 2015 06:32:40 GMT+0000 (UTC)","name":"APLD Studies"}
{"_id":{"$oid":"54bca508ff0033ab0cde32d2"},"category_id":{"$oid":"54bca508ff0033ab0cde3291"},"created_on":"Mon Jan 19 2015 06:32:40 GMT+0000 (UTC)","modified_on":"Mon Jan 19 2015 06:32:40 GMT+0000 (UTC)","name":"Promotional/DTC ROI"}
{"_id":{"$oid":"54bca508ff0033ab0cde32d3"},"category_id":{"$oid":"54bca508ff0033ab0cde3291"},"created_on":"Mon Jan 19 2015 06:32:40 GMT+0000 (UTC)","modified_on":"Mon Jan 19 2015 06:32:40 GMT+0000 (UTC)","name":"Network Demand Forecasting"}
{"_id":{"$oid":"54bca508ff0033ab0cde32d4"},"category_id":{"$oid":"54bca508ff0033ab0cde3291"},"created_on":"Mon Jan 19 2015 06:32:40 GMT+0000 (UTC)","modified_on":"Mon Jan 19 2015 06:32:40 GMT+0000 (UTC)","name":"Long-term Manpower Demand Forecasting"}
{"_id":{"$oid":"54bca508ff0033ab0cde32d5"},"category_id":{"$oid":"54bca508ff0033ab0cde3291"},"created_on":"Mon Jan 19 2015 06:32:40 GMT+0000 (UTC)","modified_on":"Mon Jan 19 2015 06:32:40 GMT+0000 (UTC)","name":"Reserves Forecasting"}
{"_id":{"$oid":"54bca508ff0033ab0cde32d6"},"category_id":{"$oid":"54bca508ff0033ab0cde3291"},"created_on":"Mon Jan 19 2015 06:32:40 GMT+0000 (UTC)","modified_on":"Mon Jan 19 2015 06:32:40 GMT+0000 (UTC)","name":"Schedule Optimization"}
{"_id":{"$oid":"54bca508ff0033ab0cde32d7"},"category_id":{"$oid":"54bca508ff0033ab0cde3291"},"created_on":"Mon Jan 19 2015 06:32:40 GMT+0000 (UTC)","modified_on":"Mon Jan 19 2015 06:32:40 GMT+0000 (UTC)","name":"Schedule Robustness Simulations"}
{"_id":{"$oid":"54bca508ff0033ab0cde32d8"},"category_id":{"$oid":"54bca508ff0033ab0cde3291"},"created_on":"Mon Jan 19 2015 06:32:40 GMT+0000 (UTC)","modified_on":"Mon Jan 19 2015 06:32:40 GMT+0000 (UTC)","name":"Spill and Recapture Models"}
{"_id":{"$oid":"54bca508ff0033ab0cde32d9"},"category_id":{"$oid":"54bca508ff0033ab0cde3291"},"created_on":"Mon Jan 19 2015 06:32:40 GMT+0000 (UTC)","modified_on":"Mon Jan 19 2015 06:32:40 GMT+0000 (UTC)","name":"Market Segmentation"}
{"_id":{"$oid":"54bca508ff0033ab0cde32da"},"category_id":{"$oid":"54bca508ff0033ab0cde3291"},"created_on":"Mon Jan 19 2015 06:32:40 GMT+0000 (UTC)","modified_on":"Mon Jan 19 2015 06:32:40 GMT+0000 (UTC)","name":"Profitability Forecasting"}
{"_id":{"$oid":"54bca508ff0033ab0cde32db"},"category_id":{"$oid":"54bca508ff0033ab0cde3291"},"created_on":"Mon Jan 19 2015 06:32:40 GMT+0000 (UTC)","modified_on":"Mon Jan 19 2015 06:32:40 GMT+0000 (UTC)","name":"Cancellation Rate Forecasting"}
{"_id":{"$oid":"54bca508ff0033ab0cde32dc"},"category_id":{"$oid":"54bca508ff0033ab0cde3291"},"created_on":"Mon Jan 19 2015 06:32:40 GMT+0000 (UTC)","modified_on":"Mon Jan 19 2015 06:32:40 GMT+0000 (UTC)","name":"Network Optimization"}
{"_id":{"$oid":"54bca508ff0033ab0cde32dd"},"category_id":{"$oid":"54bca508ff0033ab0cde3291"},"created_on":"Mon Jan 19 2015 06:32:40 GMT+0000 (UTC)","modified_on":"Mon Jan 19 2015 06:32:40 GMT+0000 (UTC)","name":"Overbooking Models"}
{"_id":{"$oid":"54bca508ff0033ab0cde32de"},"category_id":{"$oid":"54bca508ff0033ab0cde3291"},"created_on":"Mon Jan 19 2015 06:32:40 GMT+0000 (UTC)","modified_on":"Mon Jan 19 2015 06:32:40 GMT+0000 (UTC)","name":"Seat Inventory Controls"}
{"_id":{"$oid":"54bca508ff0033ab0cde32df"},"category_id":{"$oid":"54bca508ff0033ab0cde3291"},"created_on":"Mon Jan 19 2015 06:32:40 GMT+0000 (UTC)","modified_on":"Mon Jan 19 2015 06:32:40 GMT+0000 (UTC)","name":"Booking Demand Simulation"}
{"_id":{"$oid":"54bca508ff0033ab0cde32e0"},"category_id":{"$oid":"54bca508ff0033ab0cde3291"},"created_on":"Mon Jan 19 2015 06:32:40 GMT+0000 (UTC)","modified_on":"Mon Jan 19 2015 06:32:40 GMT+0000 (UTC)","name":"Short term manpower forecasting"}
{"_id":{"$oid":"54bca508ff0033ab0cde32e1"},"category_id":{"$oid":"54bca508ff0033ab0cde3291"},"created_on":"Mon Jan 19 2015 06:32:40 GMT+0000 (UTC)","modified_on":"Mon Jan 19 2015 06:32:40 GMT+0000 (UTC)","name":"Crew sickness/vacation adjustments"}
{"_id":{"$oid":"54bca508ff0033ab0cde32e2"},"category_id":{"$oid":"54bca508ff0033ab0cde3291"},"created_on":"Mon Jan 19 2015 06:32:40 GMT+0000 (UTC)","modified_on":"Mon Jan 19 2015 06:32:40 GMT+0000 (UTC)","name":"Manpower optimization/task assignments"}
{"_id":{"$oid":"54bca508ff0033ab0cde32e3"},"category_id":{"$oid":"54bca508ff0033ab0cde3291"},"created_on":"Mon Jan 19 2015 06:32:40 GMT+0000 (UTC)","modified_on":"Mon Jan 19 2015 06:32:40 GMT+0000 (UTC)","name":"Gate assignment"}
{"_id":{"$oid":"54bca508ff0033ab0cde32e4"},"category_id":{"$oid":"54bca508ff0033ab0cde3291"},"created_on":"Mon Jan 19 2015 06:32:40 GMT+0000 (UTC)","modified_on":"Mon Jan 19 2015 06:32:40 GMT+0000 (UTC)","name":"Short-term schedule robustness simulations"}
{"_id":{"$oid":"54bca508ff0033ab0cde32e5"},"category_id":{"$oid":"54bca508ff0033ab0cde3291"},"created_on":"Mon Jan 19 2015 06:32:40 GMT+0000 (UTC)","modified_on":"Mon Jan 19 2015 06:32:40 GMT+0000 (UTC)","name":"Delay/flight cancellation forecast"}
{"_id":{"$oid":"54bca508ff0033ab0cde32e6"},"category_id":{"$oid":"54bca508ff0033ab0cde3291"},"created_on":"Mon Jan 19 2015 06:32:40 GMT+0000 (UTC)","modified_on":"Mon Jan 19 2015 06:32:40 GMT+0000 (UTC)","name":"Ground delay program management"}
{"_id":{"$oid":"54bca508ff0033ab0cde32e7"},"category_id":{"$oid":"54bca508ff0033ab0cde3291"},"created_on":"Mon Jan 19 2015 06:32:40 GMT+0000 (UTC)","modified_on":"Mon Jan 19 2015 06:32:40 GMT+0000 (UTC)","name":"Aircraft recovery"}
{"_id":{"$oid":"54bca508ff0033ab0cde32e8"},"category_id":{"$oid":"54bca508ff0033ab0cde3291"},"created_on":"Mon Jan 19 2015 06:32:40 GMT+0000 (UTC)","modified_on":"Mon Jan 19 2015 06:32:40 GMT+0000 (UTC)","name":"Crew recovery"}
{"_id":{"$oid":"54bca508ff0033ab0cde32e9"},"category_id":{"$oid":"54bca508ff0033ab0cde3291"},"created_on":"Mon Jan 19 2015 06:32:40 GMT+0000 (UTC)","modified_on":"Mon Jan 19 2015 06:32:40 GMT+0000 (UTC)","name":"Bag runner assignments"}
{"_id":{"$oid":"54bca508ff0033ab0cde32ea"},"category_id":{"$oid":"54bca508ff0033ab0cde3291"},"created_on":"Mon Jan 19 2015 06:32:40 GMT+0000 (UTC)","modified_on":"Mon Jan 19 2015 06:32:40 GMT+0000 (UTC)","name":"Simulate ATC process changes"}
{"_id":{"$oid":"54bca508ff0033ab0cde32eb"},"category_id":{"$oid":"54bca508ff0033ab0cde3291"},"created_on":"Mon Jan 19 2015 06:32:40 GMT+0000 (UTC)","modified_on":"Mon Jan 19 2015 06:32:40 GMT+0000 (UTC)","name":"DOT metrics reporting and analysis"}
{"_id":{"$oid":"54bca508ff0033ab0cde32ec"},"category_id":{"$oid":"54bca508ff0033ab0cde3291"},"created_on":"Mon Jan 19 2015 06:32:40 GMT+0000 (UTC)","modified_on":"Mon Jan 19 2015 06:32:40 GMT+0000 (UTC)","name":"Causal analysis of flight delay/cancellation"}
{"_id":{"$oid":"54bca508ff0033ab0cde32ed"},"category_id":{"$oid":"54bca508ff0033ab0cde3291"},"created_on":"Mon Jan 19 2015 06:32:40 GMT+0000 (UTC)","modified_on":"Mon Jan 19 2015 06:32:40 GMT+0000 (UTC)","name":"Resource utilization analysis"}
{"_id":{"$oid":"54bca508ff0033ab0cde32ee"},"category_id":{"$oid":"54bca508ff0033ab0cde3291"},"created_on":"Mon Jan 19 2015 06:32:40 GMT+0000 (UTC)","modified_on":"Mon Jan 19 2015 06:32:40 GMT+0000 (UTC)","name":"Competitive benchmarking"}
{"_id":{"$oid":"54bca508ff0033ab0cde32ef"},"category_id":{"$oid":"54bca508ff0033ab0cde3291"},"created_on":"Mon Jan 19 2015 06:32:40 GMT+0000 (UTC)","modified_on":"Mon Jan 19 2015 06:32:40 GMT+0000 (UTC)","name":"â€œWhat-ifâ€ analysis â€“ retrospective look"}
{"_id":{"$oid":"54bca508ff0033ab0cde32f0"},"category_id":{"$oid":"54bca508ff0033ab0cde3291"},"created_on":"Mon Jan 19 2015 06:32:40 GMT+0000 (UTC)","modified_on":"Mon Jan 19 2015 06:32:40 GMT+0000 (UTC)","name":"Campaign adoption forecasts"}
{"_id":{"$oid":"54bca508ff0033ab0cde32f1"},"category_id":{"$oid":"54bca508ff0033ab0cde3291"},"created_on":"Mon Jan 19 2015 06:32:40 GMT+0000 (UTC)","modified_on":"Mon Jan 19 2015 06:32:40 GMT+0000 (UTC)","name":"Optimal redemption throttling"}
{"_id":{"$oid":"54bca508ff0033ab0cde32f2"},"category_id":{"$oid":"54bca508ff0033ab0cde3291"},"created_on":"Mon Jan 19 2015 06:32:40 GMT+0000 (UTC)","modified_on":"Mon Jan 19 2015 06:32:40 GMT+0000 (UTC)","name":"CLTV analysis"}
{"_id":{"$oid":"54bca508ff0033ab0cde32f3"},"category_id":{"$oid":"54bca508ff0033ab0cde3291"},"created_on":"Mon Jan 19 2015 06:32:40 GMT+0000 (UTC)","modified_on":"Mon Jan 19 2015 06:32:40 GMT+0000 (UTC)","name":"Real-time campaign analytics"}
{"_id":{"$oid":"54bca508ff0033ab0cde32f4"},"category_id":{"$oid":"54bca508ff0033ab0cde3291"},"created_on":"Mon Jan 19 2015 06:32:40 GMT+0000 (UTC)","modified_on":"Mon Jan 19 2015 06:32:40 GMT+0000 (UTC)","name":"Loyalty measurement analytics"}
{"_id":{"$oid":"54bca508ff0033ab0cde32f5"},"category_id":{"$oid":"54bca508ff0033ab0cde3291"},"created_on":"Mon Jan 19 2015 06:32:40 GMT+0000 (UTC)","modified_on":"Mon Jan 19 2015 06:32:40 GMT+0000 (UTC)","name":"Earn/Burn rate simulation"}
{"_id":{"$oid":"54bca508ff0033ab0cde32f6"},"category_id":{"$oid":"54bca508ff0033ab0cde3291"},"created_on":"Mon Jan 19 2015 06:32:40 GMT+0000 (UTC)","modified_on":"Mon Jan 19 2015 06:32:40 GMT+0000 (UTC)","name":"Parts requirements forecasts"}
{"_id":{"$oid":"54bca508ff0033ab0cde32f7"},"category_id":{"$oid":"54bca508ff0033ab0cde3291"},"created_on":"Mon Jan 19 2015 06:32:40 GMT+0000 (UTC)","modified_on":"Mon Jan 19 2015 06:32:40 GMT+0000 (UTC)","name":"Component Failure forecasts"}
{"_id":{"$oid":"54bca508ff0033ab0cde32f8"},"category_id":{"$oid":"54bca508ff0033ab0cde3291"},"created_on":"Mon Jan 19 2015 06:32:40 GMT+0000 (UTC)","modified_on":"Mon Jan 19 2015 06:32:40 GMT+0000 (UTC)","name":"Shop capacity planning"}
{"_id":{"$oid":"54bca508ff0033ab0cde32f9"},"category_id":{"$oid":"54bca508ff0033ab0cde3291"},"created_on":"Mon Jan 19 2015 06:32:40 GMT+0000 (UTC)","modified_on":"Mon Jan 19 2015 06:32:40 GMT+0000 (UTC)","name":"Inventory optimization"}
{"_id":{"$oid":"54bca508ff0033ab0cde32fa"},"category_id":{"$oid":"54bca508ff0033ab0cde3291"},"created_on":"Mon Jan 19 2015 06:32:40 GMT+0000 (UTC)","modified_on":"Mon Jan 19 2015 06:32:40 GMT+0000 (UTC)","name":"Workstation layout optimization"}
{"_id":{"$oid":"54bca508ff0033ab0cde32fb"},"category_id":{"$oid":"54bca508ff0033ab0cde3291"},"created_on":"Mon Jan 19 2015 06:32:40 GMT+0000 (UTC)","modified_on":"Mon Jan 19 2015 06:32:40 GMT+0000 (UTC)","name":"VSM for production activities"}
{"_id":{"$oid":"54bca508ff0033ab0cde32fc"},"category_id":{"$oid":"54bca508ff0033ab0cde3291"},"created_on":"Mon Jan 19 2015 06:32:40 GMT+0000 (UTC)","modified_on":"Mon Jan 19 2015 06:32:40 GMT+0000 (UTC)","name":"Work-flow simulation"}
{"_id":{"$oid":"54bca508ff0033ab0cde32fd"},"category_id":{"$oid":"54bca508ff0033ab0cde3291"},"created_on":"Mon Jan 19 2015 06:32:40 GMT+0000 (UTC)","modified_on":"Mon Jan 19 2015 06:32:40 GMT+0000 (UTC)","name":"Customer segmentation"}
{"_id":{"$oid":"54bca508ff0033ab0cde32fe"},"category_id":{"$oid":"54bca508ff0033ab0cde3291"},"created_on":"Mon Jan 19 2015 06:32:40 GMT+0000 (UTC)","modified_on":"Mon Jan 19 2015 06:32:40 GMT+0000 (UTC)","name":"Optimal GDS positioning"}
{"_id":{"$oid":"54bca508ff0033ab0cde32ff"},"category_id":{"$oid":"54bca508ff0033ab0cde3291"},"created_on":"Mon Jan 19 2015 06:32:40 GMT+0000 (UTC)","modified_on":"Mon Jan 19 2015 06:32:40 GMT+0000 (UTC)","name":"Marketing channel optimization"}
{"_id":{"$oid":"54bca508ff0033ab0cde3300"},"category_id":{"$oid":"54bca508ff0033ab0cde3291"},"created_on":"Mon Jan 19 2015 06:32:40 GMT+0000 (UTC)","modified_on":"Mon Jan 19 2015 06:32:40 GMT+0000 (UTC)","name":"Offer Optimization"}
{"_id":{"$oid":"54bca508ff0033ab0cde3301"},"category_id":{"$oid":"54bca508ff0033ab0cde3291"},"created_on":"Mon Jan 19 2015 06:32:40 GMT+0000 (UTC)","modified_on":"Mon Jan 19 2015 06:32:40 GMT+0000 (UTC)","name":"Big Data Infrastructure"}
{"_id":{"$oid":"54bca508ff0033ab0cde3302"},"category_id":{"$oid":"54bca508ff0033ab0cde3291"},"created_on":"Mon Jan 19 2015 06:32:40 GMT+0000 (UTC)","modified_on":"Mon Jan 19 2015 06:32:40 GMT+0000 (UTC)","name":"Page Views"}
{"_id":{"$oid":"54bca508ff0033ab0cde3303"},"category_id":{"$oid":"54bca508ff0033ab0cde3291"},"created_on":"Mon Jan 19 2015 06:32:40 GMT+0000 (UTC)","modified_on":"Mon Jan 19 2015 06:32:40 GMT+0000 (UTC)","name":"Analytical Data Marts"}
{"_id":{"$oid":"54bca508ff0033ab0cde3304"},"category_id":{"$oid":"54bca508ff0033ab0cde3291"},"created_on":"Mon Jan 19 2015 06:32:40 GMT+0000 (UTC)","modified_on":"Mon Jan 19 2015 06:32:40 GMT+0000 (UTC)","name":"Conversations"}
{"_id":{"$oid":"54bca508ff0033ab0cde3305"},"category_id":{"$oid":"54bca508ff0033ab0cde3291"},"created_on":"Mon Jan 19 2015 06:32:40 GMT+0000 (UTC)","modified_on":"Mon Jan 19 2015 06:32:40 GMT+0000 (UTC)","name":"Refering links etc"}
{"_id":{"$oid":"54bca508ff0033ab0cde3306"},"category_id":{"$oid":"54bca508ff0033ab0cde3291"},"created_on":"Mon Jan 19 2015 06:32:40 GMT+0000 (UTC)","modified_on":"Mon Jan 19 2015 06:32:40 GMT+0000 (UTC)","name":"Site Performance"}
{"_id":{"$oid":"54bca508ff0033ab0cde3307"},"category_id":{"$oid":"54bca508ff0033ab0cde3291"},"created_on":"Mon Jan 19 2015 06:32:40 GMT+0000 (UTC)","modified_on":"Mon Jan 19 2015 06:32:40 GMT+0000 (UTC)","name":"Path Analysis"}
{"_id":{"$oid":"54bca508ff0033ab0cde3308"},"category_id":{"$oid":"54bca508ff0033ab0cde3291"},"created_on":"Mon Jan 19 2015 06:32:40 GMT+0000 (UTC)","modified_on":"Mon Jan 19 2015 06:32:40 GMT+0000 (UTC)","name":"Site Search Analysis"}
{"_id":{"$oid":"54bca508ff0033ab0cde3309"},"category_id":{"$oid":"54bca508ff0033ab0cde3291"},"created_on":"Mon Jan 19 2015 06:32:40 GMT+0000 (UTC)","modified_on":"Mon Jan 19 2015 06:32:40 GMT+0000 (UTC)","name":"Funnel Analysis"}
{"_id":{"$oid":"54bca508ff0033ab0cde330a"},"category_id":{"$oid":"54bca508ff0033ab0cde3291"},"created_on":"Mon Jan 19 2015 06:32:40 GMT+0000 (UTC)","modified_on":"Mon Jan 19 2015 06:32:40 GMT+0000 (UTC)","name":"Cart Abandonment"}
{"_id":{"$oid":"54bca508ff0033ab0cde330b"},"category_id":{"$oid":"54bca508ff0033ab0cde3291"},"created_on":"Mon Jan 19 2015 06:32:40 GMT+0000 (UTC)","modified_on":"Mon Jan 19 2015 06:32:40 GMT+0000 (UTC)","name":"A/B testing"}
{"_id":{"$oid":"54bca508ff0033ab0cde330c"},"category_id":{"$oid":"54bca508ff0033ab0cde3291"},"created_on":"Mon Jan 19 2015 06:32:40 GMT+0000 (UTC)","modified_on":"Mon Jan 19 2015 06:32:40 GMT+0000 (UTC)","name":"Key Performance Indicators"}
{"_id":{"$oid":"54bca508ff0033ab0cde330d"},"category_id":{"$oid":"54bca508ff0033ab0cde3291"},"created_on":"Mon Jan 19 2015 06:32:40 GMT+0000 (UTC)","modified_on":"Mon Jan 19 2015 06:32:40 GMT+0000 (UTC)","name":"SEM/Online Ad Optimizaton"}
{"_id":{"$oid":"54bca508ff0033ab0cde330e"},"category_id":{"$oid":"54bca508ff0033ab0cde3291"},"created_on":"Mon Jan 19 2015 06:32:40 GMT+0000 (UTC)","modified_on":"Mon Jan 19 2015 06:32:40 GMT+0000 (UTC)","name":"Social Media optimization"}
{"_id":{"$oid":"54bca508ff0033ab0cde330f"},"category_id":{"$oid":"54bca508ff0033ab0cde3291"},"created_on":"Mon Jan 19 2015 06:32:40 GMT+0000 (UTC)","modified_on":"Mon Jan 19 2015 06:32:40 GMT+0000 (UTC)","name":"Marketing Mix"}
{"_id":{"$oid":"54bca508ff0033ab0cde3310"},"category_id":{"$oid":"54bca508ff0033ab0cde3291"},"created_on":"Mon Jan 19 2015 06:32:40 GMT+0000 (UTC)","modified_on":"Mon Jan 19 2015 06:32:40 GMT+0000 (UTC)","name":"multi touch attribution"}
{"_id":{"$oid":"54bca508ff0033ab0cde3311"},"category_id":{"$oid":"54bca508ff0033ab0cde3291"},"created_on":"Mon Jan 19 2015 06:32:40 GMT+0000 (UTC)","modified_on":"Mon Jan 19 2015 06:32:40 GMT+0000 (UTC)","name":"Campaign measurement and optimization"}
{"_id":{"$oid":"54bca508ff0033ab0cde3312"},"category_id":{"$oid":"54bca508ff0033ab0cde3291"},"created_on":"Mon Jan 19 2015 06:32:40 GMT+0000 (UTC)","modified_on":"Mon Jan 19 2015 06:32:40 GMT+0000 (UTC)","name":"Re activation/Attrition Model"}
{"_id":{"$oid":"54bca508ff0033ab0cde3313"},"category_id":{"$oid":"54bca508ff0033ab0cde3291"},"created_on":"Mon Jan 19 2015 06:32:40 GMT+0000 (UTC)","modified_on":"Mon Jan 19 2015 06:32:40 GMT+0000 (UTC)","name":"Life time Value"}
{"_id":{"$oid":"54bca508ff0033ab0cde3314"},"category_id":{"$oid":"54bca508ff0033ab0cde3291"},"created_on":"Mon Jan 19 2015 06:32:40 GMT+0000 (UTC)","modified_on":"Mon Jan 19 2015 06:32:40 GMT+0000 (UTC)","name":"Personalization"}
{"_id":{"$oid":"54bca508ff0033ab0cde3315"},"category_id":{"$oid":"54bca508ff0033ab0cde3291"},"created_on":"Mon Jan 19 2015 06:32:40 GMT+0000 (UTC)","modified_on":"Mon Jan 19 2015 06:32:40 GMT+0000 (UTC)","name":"Analytics Based Content Serving"}
{"_id":{"$oid":"54bca508ff0033ab0cde3316"},"category_id":{"$oid":"54bca508ff0033ab0cde3291"},"created_on":"Mon Jan 19 2015 06:32:40 GMT+0000 (UTC)","modified_on":"Mon Jan 19 2015 06:32:40 GMT+0000 (UTC)","name":"Cross/Up Sell"}
{"_id":{"$oid":"54bca508ff0033ab0cde3317"},"category_id":{"$oid":"54bca508ff0033ab0cde3291"},"created_on":"Mon Jan 19 2015 06:32:40 GMT+0000 (UTC)","modified_on":"Mon Jan 19 2015 06:32:40 GMT+0000 (UTC)","name":"Multichannel Aggregation"}
{"_id":{"$oid":"54bca508ff0033ab0cde3318"},"category_id":{"$oid":"54bca508ff0033ab0cde3291"},"created_on":"Mon Jan 19 2015 06:32:40 GMT+0000 (UTC)","modified_on":"Mon Jan 19 2015 06:32:40 GMT+0000 (UTC)","name":"Shipping Price Optimization"}
{"_id":{"$oid":"54bca508ff0033ab0cde3319"},"category_id":{"$oid":"54bca508ff0033ab0cde3291"},"created_on":"Mon Jan 19 2015 06:32:40 GMT+0000 (UTC)","modified_on":"Mon Jan 19 2015 06:32:40 GMT+0000 (UTC)","name":"Inventory Planning"}
{"_id":{"$oid":"54bca508ff0033ab0cde331a"},"category_id":{"$oid":"54bca508ff0033ab0cde3291"},"created_on":"Mon Jan 19 2015 06:32:40 GMT+0000 (UTC)","modified_on":"Mon Jan 19 2015 06:32:40 GMT+0000 (UTC)","name":"Assortment Planning"}
{"_id":{"$oid":"54bca508ff0033ab0cde331b"},"category_id":{"$oid":"54bca508ff0033ab0cde3291"},"created_on":"Mon Jan 19 2015 06:32:40 GMT+0000 (UTC)","modified_on":"Mon Jan 19 2015 06:32:40 GMT+0000 (UTC)","name":"Product Affinity"}
{"_id":{"$oid":"54bca508ff0033ab0cde331c"},"category_id":{"$oid":"54bca508ff0033ab0cde3291"},"created_on":"Mon Jan 19 2015 06:32:40 GMT+0000 (UTC)","modified_on":"Mon Jan 19 2015 06:32:40 GMT+0000 (UTC)","name":"E-fulfillment Network Design"}
{"_id":{"$oid":"54bca508ff0033ab0cde331d"},"category_id":{"$oid":"54bca508ff0033ab0cde3291"},"created_on":"Mon Jan 19 2015 06:32:40 GMT+0000 (UTC)","modified_on":"Mon Jan 19 2015 06:32:40 GMT+0000 (UTC)","name":"Pricing"}
{"_id":{"$oid":"54bca508ff0033ab0cde331e"},"category_id":{"$oid":"54bca508ff0033ab0cde3291"},"created_on":"Mon Jan 19 2015 06:32:40 GMT+0000 (UTC)","modified_on":"Mon Jan 19 2015 06:32:40 GMT+0000 (UTC)","name":"Multichannel Sales Analysis"}
{"_id":{"$oid":"54bca508ff0033ab0cde331f"},"category_id":{"$oid":"54bca508ff0033ab0cde3291"},"created_on":"Mon Jan 19 2015 06:32:40 GMT+0000 (UTC)","modified_on":"Mon Jan 19 2015 06:32:40 GMT+0000 (UTC)","name":"Balanced Scorecards"}
{"_id":{"$oid":"54bca508ff0033ab0cde3320"},"category_id":{"$oid":"54bca508ff0033ab0cde3291"},"created_on":"Mon Jan 19 2015 06:32:40 GMT+0000 (UTC)","modified_on":"Mon Jan 19 2015 06:32:40 GMT+0000 (UTC)","name":"Analytics driven strategic planning and forecasting"}
{"_id":{"$oid":"54bca508ff0033ab0cde3321"},"category_id":{"$oid":"54bca508ff0033ab0cde3291"},"created_on":"Mon Jan 19 2015 06:32:40 GMT+0000 (UTC)","modified_on":"Mon Jan 19 2015 06:32:40 GMT+0000 (UTC)","name":"Franchise management"}
{"_id":{"$oid":"54bca508ff0033ab0cde3322"},"category_id":{"$oid":"54bca508ff0033ab0cde3291"},"created_on":"Mon Jan 19 2015 06:32:40 GMT+0000 (UTC)","modified_on":"Mon Jan 19 2015 06:32:40 GMT+0000 (UTC)","name":"Site selection"}
{"_id":{"$oid":"54bca508ff0033ab0cde3323"},"category_id":{"$oid":"54bca508ff0033ab0cde3291"},"created_on":"Mon Jan 19 2015 06:32:40 GMT+0000 (UTC)","modified_on":"Mon Jan 19 2015 06:32:40 GMT+0000 (UTC)","name":"Scenario analysis for system ROI"}
{"_id":{"$oid":"54bca508ff0033ab0cde3324"},"category_id":{"$oid":"54bca508ff0033ab0cde3291"},"created_on":"Mon Jan 19 2015 06:32:40 GMT+0000 (UTC)","modified_on":"Mon Jan 19 2015 06:32:40 GMT+0000 (UTC)","name":"Demand forecasting"}
{"_id":{"$oid":"54bca508ff0033ab0cde3325"},"category_id":{"$oid":"54bca508ff0033ab0cde3291"},"created_on":"Mon Jan 19 2015 06:32:40 GMT+0000 (UTC)","modified_on":"Mon Jan 19 2015 06:32:40 GMT+0000 (UTC)","name":"Price elasticity estimation"}
{"_id":{"$oid":"54bca508ff0033ab0cde3326"},"category_id":{"$oid":"54bca508ff0033ab0cde3291"},"created_on":"Mon Jan 19 2015 06:32:40 GMT+0000 (UTC)","modified_on":"Mon Jan 19 2015 06:32:40 GMT+0000 (UTC)","name":"Competitive pricing and benchmarking"}
{"_id":{"$oid":"54bca508ff0033ab0cde3327"},"category_id":{"$oid":"54bca508ff0033ab0cde3291"},"created_on":"Mon Jan 19 2015 06:32:40 GMT+0000 (UTC)","modified_on":"Mon Jan 19 2015 06:32:40 GMT+0000 (UTC)","name":"Bid price control system"}
{"_id":{"$oid":"54bca508ff0033ab0cde3328"},"category_id":{"$oid":"54bca508ff0033ab0cde3291"},"created_on":"Mon Jan 19 2015 06:32:40 GMT+0000 (UTC)","modified_on":"Mon Jan 19 2015 06:32:40 GMT+0000 (UTC)","name":"Ancillary revenue models"}
{"_id":{"$oid":"54bca508ff0033ab0cde3329"},"category_id":{"$oid":"54bca508ff0033ab0cde3291"},"created_on":"Mon Jan 19 2015 06:32:40 GMT+0000 (UTC)","modified_on":"Mon Jan 19 2015 06:32:40 GMT+0000 (UTC)","name":"Rate rationalization"}
{"_id":{"$oid":"54bca508ff0033ab0cde332a"},"category_id":{"$oid":"54bca508ff0033ab0cde3291"},"created_on":"Mon Jan 19 2015 06:32:40 GMT+0000 (UTC)","modified_on":"Mon Jan 19 2015 06:32:40 GMT+0000 (UTC)","name":"Segmentation based on demand"}
{"_id":{"$oid":"54bca508ff0033ab0cde332b"},"category_id":{"$oid":"54bca508ff0033ab0cde3291"},"created_on":"Mon Jan 19 2015 06:32:40 GMT+0000 (UTC)","modified_on":"Mon Jan 19 2015 06:32:40 GMT+0000 (UTC)","name":"Clustering based on group attributes"}
{"_id":{"$oid":"54bca508ff0033ab0cde332c"},"category_id":{"$oid":"54bca508ff0033ab0cde3291"},"created_on":"Mon Jan 19 2015 06:32:40 GMT+0000 (UTC)","modified_on":"Mon Jan 19 2015 06:32:40 GMT+0000 (UTC)","name":"Social media marketing"}
{"_id":{"$oid":"54bca508ff0033ab0cde332d"},"category_id":{"$oid":"54bca508ff0033ab0cde3291"},"created_on":"Mon Jan 19 2015 06:32:40 GMT+0000 (UTC)","modified_on":"Mon Jan 19 2015 06:32:40 GMT+0000 (UTC)","name":"Direct e-mail marketing strategy"}
{"_id":{"$oid":"54bca508ff0033ab0cde332e"},"category_id":{"$oid":"54bca508ff0033ab0cde3291"},"created_on":"Mon Jan 19 2015 06:32:40 GMT+0000 (UTC)","modified_on":"Mon Jan 19 2015 06:32:40 GMT+0000 (UTC)","name":"Channel mix optimization"}
{"_id":{"$oid":"54bca508ff0033ab0cde332f"},"category_id":{"$oid":"54bca508ff0033ab0cde3291"},"created_on":"Mon Jan 19 2015 06:32:40 GMT+0000 (UTC)","modified_on":"Mon Jan 19 2015 06:32:40 GMT+0000 (UTC)","name":"Web channel optimization"}
{"_id":{"$oid":"54bca508ff0033ab0cde3330"},"category_id":{"$oid":"54bca508ff0033ab0cde3291"},"created_on":"Mon Jan 19 2015 06:32:40 GMT+0000 (UTC)","modified_on":"Mon Jan 19 2015 06:32:40 GMT+0000 (UTC)","name":"Search Engine Optimization"}
{"_id":{"$oid":"54bca508ff0033ab0cde3331"},"category_id":{"$oid":"54bca508ff0033ab0cde3291"},"created_on":"Mon Jan 19 2015 06:32:40 GMT+0000 (UTC)","modified_on":"Mon Jan 19 2015 06:32:40 GMT+0000 (UTC)","name":"Search Engine Marketing"}
{"_id":{"$oid":"54bca508ff0033ab0cde3332"},"category_id":{"$oid":"54bca508ff0033ab0cde3291"},"created_on":"Mon Jan 19 2015 06:32:40 GMT+0000 (UTC)","modified_on":"Mon Jan 19 2015 06:32:40 GMT+0000 (UTC)","name":"Affiliate Program Optimization"}
{"_id":{"$oid":"54bca508ff0033ab0cde3333"},"category_id":{"$oid":"54bca508ff0033ab0cde3291"},"created_on":"Mon Jan 19 2015 06:32:40 GMT+0000 (UTC)","modified_on":"Mon Jan 19 2015 06:32:40 GMT+0000 (UTC)","name":"Share Shift analysis"}
{"_id":{"$oid":"54bca508ff0033ab0cde3334"},"category_id":{"$oid":"54bca508ff0033ab0cde3291"},"created_on":"Mon Jan 19 2015 06:32:40 GMT+0000 (UTC)","modified_on":"Mon Jan 19 2015 06:32:40 GMT+0000 (UTC)","name":"Global Distribution System(GDS) optimization"}
{"_id":{"$oid":"54bca508ff0033ab0cde3335"},"category_id":{"$oid":"54bca508ff0033ab0cde3291"},"created_on":"Mon Jan 19 2015 06:32:40 GMT+0000 (UTC)","modified_on":"Mon Jan 19 2015 06:32:40 GMT+0000 (UTC)","name":"Unconstrained demand estimation"}
{"_id":{"$oid":"54bca508ff0033ab0cde3336"},"category_id":{"$oid":"54bca508ff0033ab0cde3291"},"created_on":"Mon Jan 19 2015 06:32:40 GMT+0000 (UTC)","modified_on":"Mon Jan 19 2015 06:32:40 GMT+0000 (UTC)","name":"Booking limit/ Protection level analysis"}
{"_id":{"$oid":"54bca508ff0033ab0cde3337"},"category_id":{"$oid":"54bca508ff0033ab0cde3291"},"created_on":"Mon Jan 19 2015 06:32:40 GMT+0000 (UTC)","modified_on":"Mon Jan 19 2015 06:32:40 GMT+0000 (UTC)","name":"Game floor operations"}
{"_id":{"$oid":"54bca508ff0033ab0cde3338"},"category_id":{"$oid":"54bca508ff0033ab0cde3291"},"created_on":"Mon Jan 19 2015 06:32:40 GMT+0000 (UTC)","modified_on":"Mon Jan 19 2015 06:32:40 GMT+0000 (UTC)","name":"Labor force planning"}
{"_id":{"$oid":"54bca508ff0033ab0cde3339"},"category_id":{"$oid":"54bca508ff0033ab0cde3291"},"created_on":"Mon Jan 19 2015 06:32:40 GMT+0000 (UTC)","modified_on":"Mon Jan 19 2015 06:32:40 GMT+0000 (UTC)","name":"Customer satisfaction indices"}
{"_id":{"$oid":"54bca508ff0033ab0cde333a"},"category_id":{"$oid":"54bca508ff0033ab0cde3291"},"created_on":"Mon Jan 19 2015 06:32:40 GMT+0000 (UTC)","modified_on":"Mon Jan 19 2015 06:32:40 GMT+0000 (UTC)","name":"Loyalty program break even analysis"}
{"_id":{"$oid":"54bca508ff0033ab0cde333b"},"category_id":{"$oid":"54bca508ff0033ab0cde3291"},"created_on":"Mon Jan 19 2015 06:32:40 GMT+0000 (UTC)","modified_on":"Mon Jan 19 2015 06:32:40 GMT+0000 (UTC)","name":"Share-of-Wallet analysis"}
{"_id":{"$oid":"54bca508ff0033ab0cde333c"},"category_id":{"$oid":"54bca508ff0033ab0cde3291"},"created_on":"Mon Jan 19 2015 06:32:40 GMT+0000 (UTC)","modified_on":"Mon Jan 19 2015 06:32:40 GMT+0000 (UTC)","name":"Customer churn analysis"}
{"_id":{"$oid":"54bca508ff0033ab0cde333d"},"category_id":{"$oid":"54bca508ff0033ab0cde3291"},"created_on":"Mon Jan 19 2015 06:32:40 GMT+0000 (UTC)","modified_on":"Mon Jan 19 2015 06:32:40 GMT+0000 (UTC)","name":"Defining Benefit Design and Pricing"}
{"_id":{"$oid":"54bca508ff0033ab0cde333e"},"category_id":{"$oid":"54bca508ff0033ab0cde3291"},"created_on":"Mon Jan 19 2015 06:32:40 GMT+0000 (UTC)","modified_on":"Mon Jan 19 2015 06:32:40 GMT+0000 (UTC)","name":"Product Customization"}
{"_id":{"$oid":"54bca508ff0033ab0cde333f"},"category_id":{"$oid":"54bca508ff0033ab0cde3291"},"created_on":"Mon Jan 19 2015 06:32:40 GMT+0000 (UTC)","modified_on":"Mon Jan 19 2015 06:32:40 GMT+0000 (UTC)","name":"Predictive modeling to identify high cost members/prospects and to price products  for individuals"}
{"_id":{"$oid":"54bca508ff0033ab0cde3340"},"category_id":{"$oid":"54bca508ff0033ab0cde3291"},"created_on":"Mon Jan 19 2015 06:32:40 GMT+0000 (UTC)","modified_on":"Mon Jan 19 2015 06:32:40 GMT+0000 (UTC)","name":"Marketing Mix Modeling,Campaign Management,marketing ROI assessment"}
{"_id":{"$oid":"54bca508ff0033ab0cde3341"},"category_id":{"$oid":"54bca508ff0033ab0cde3291"},"created_on":"Mon Jan 19 2015 06:32:40 GMT+0000 (UTC)","modified_on":"Mon Jan 19 2015 06:32:40 GMT+0000 (UTC)","name":"Identify target customers through segmentation analysis"}
{"_id":{"$oid":"54bca508ff0033ab0cde3342"},"category_id":{"$oid":"54bca508ff0033ab0cde3291"},"created_on":"Mon Jan 19 2015 06:32:40 GMT+0000 (UTC)","modified_on":"Mon Jan 19 2015 06:32:40 GMT+0000 (UTC)","name":"Predictive modeling to identify and target prospects, identify attrition and retain customers"}
{"_id":{"$oid":"54bca508ff0033ab0cde3343"},"category_id":{"$oid":"54bca508ff0033ab0cde3291"},"created_on":"Mon Jan 19 2015 06:32:40 GMT+0000 (UTC)","modified_on":"Mon Jan 19 2015 06:32:40 GMT+0000 (UTC)","name":"Plan/product/employer level trend analysis \u0026 reporting"}
{"_id":{"$oid":"54bca508ff0033ab0cde3344"},"category_id":{"$oid":"54bca508ff0033ab0cde3291"},"created_on":"Mon Jan 19 2015 06:32:40 GMT+0000 (UTC)","modified_on":"Mon Jan 19 2015 06:32:40 GMT+0000 (UTC)","name":"Drill down trend analysis \u0026 reporting"}
{"_id":{"$oid":"54bca508ff0033ab0cde3345"},"category_id":{"$oid":"54bca508ff0033ab0cde3291"},"created_on":"Mon Jan 19 2015 06:32:40 GMT+0000 (UTC)","modified_on":"Mon Jan 19 2015 06:32:40 GMT+0000 (UTC)","name":"Cost Saving Analysis"}
{"_id":{"$oid":"54bca508ff0033ab0cde3346"},"category_id":{"$oid":"54bca508ff0033ab0cde3291"},"created_on":"Mon Jan 19 2015 06:32:40 GMT+0000 (UTC)","modified_on":"Mon Jan 19 2015 06:32:40 GMT+0000 (UTC)","name":"Financial forecast and reserve determination"}
{"_id":{"$oid":"54bca508ff0033ab0cde3347"},"category_id":{"$oid":"54bca508ff0033ab0cde3291"},"created_on":"Mon Jan 19 2015 06:32:40 GMT+0000 (UTC)","modified_on":"Mon Jan 19 2015 06:32:40 GMT+0000 (UTC)","name":"Provider level fraud/abuse identification \u0026 litigation support"}
{"_id":{"$oid":"54bca508ff0033ab0cde3348"},"category_id":{"$oid":"54bca508ff0033ab0cde3291"},"created_on":"Mon Jan 19 2015 06:32:40 GMT+0000 (UTC)","modified_on":"Mon Jan 19 2015 06:32:40 GMT+0000 (UTC)","name":"Member level fraud/abuse identification \u0026 litigation support"}
{"_id":{"$oid":"54bca508ff0033ab0cde3349"},"category_id":{"$oid":"54bca508ff0033ab0cde3291"},"created_on":"Mon Jan 19 2015 06:32:40 GMT+0000 (UTC)","modified_on":"Mon Jan 19 2015 06:32:40 GMT+0000 (UTC)","name":"Volume and utilization analysis at provider level"}
{"_id":{"$oid":"54bca508ff0033ab0cde334a"},"category_id":{"$oid":"54bca508ff0033ab0cde3291"},"created_on":"Mon Jan 19 2015 06:32:40 GMT+0000 (UTC)","modified_on":"Mon Jan 19 2015 06:32:40 GMT+0000 (UTC)","name":"Quality/performance review at provider level (NCQA/HEDIS)"}
{"_id":{"$oid":"54bca508ff0033ab0cde334b"},"category_id":{"$oid":"54bca508ff0033ab0cde3291"},"created_on":"Mon Jan 19 2015 06:32:40 GMT+0000 (UTC)","modified_on":"Mon Jan 19 2015 06:32:40 GMT+0000 (UTC)","name":"In-network versus out-of-network provider utilization"}
{"_id":{"$oid":"54bca508ff0033ab0cde334c"},"category_id":{"$oid":"54bca508ff0033ab0cde3291"},"created_on":"Mon Jan 19 2015 06:32:40 GMT+0000 (UTC)","modified_on":"Mon Jan 19 2015 06:32:40 GMT+0000 (UTC)","name":"P4P criteria development and implementation"}
{"_id":{"$oid":"54bca508ff0033ab0cde334d"},"category_id":{"$oid":"54bca508ff0033ab0cde3291"},"created_on":"Mon Jan 19 2015 06:32:40 GMT+0000 (UTC)","modified_on":"Mon Jan 19 2015 06:32:40 GMT+0000 (UTC)","name":"Identification of high risk cases for preventive programs"}
{"_id":{"$oid":"54bca508ff0033ab0cde334e"},"category_id":{"$oid":"54bca508ff0033ab0cde3291"},"created_on":"Mon Jan 19 2015 06:32:40 GMT+0000 (UTC)","modified_on":"Mon Jan 19 2015 06:32:40 GMT+0000 (UTC)","name":"Identification of members for case/disease management programs"}
{"_id":{"$oid":"54bca508ff0033ab0cde334f"},"category_id":{"$oid":"54bca508ff0033ab0cde3291"},"created_on":"Mon Jan 19 2015 06:32:40 GMT+0000 (UTC)","modified_on":"Mon Jan 19 2015 06:32:40 GMT+0000 (UTC)","name":"Identification of providers for rules based interventions"}
{"_id":{"$oid":"54bca508ff0033ab0cde3350"},"category_id":{"$oid":"54bca508ff0033ab0cde3291"},"created_on":"Mon Jan 19 2015 06:32:40 GMT+0000 (UTC)","modified_on":"Mon Jan 19 2015 06:32:40 GMT+0000 (UTC)","name":"Conduct CER to develop medical policy"}
{"_id":{"$oid":"54bca508ff0033ab0cde3351"},"category_id":{"$oid":"54bca508ff0033ab0cde3291"},"created_on":"Mon Jan 19 2015 06:32:40 GMT+0000 (UTC)","modified_on":"Mon Jan 19 2015 06:32:40 GMT+0000 (UTC)","name":"Assess impact of medical/pharmacy policy on total cost"}
{"_id":{"$oid":"54bca508ff0033ab0cde3352"},"category_id":{"$oid":"54bca508ff0033ab0cde3291"},"created_on":"Mon Jan 19 2015 06:32:40 GMT+0000 (UTC)","modified_on":"Mon Jan 19 2015 06:32:40 GMT+0000 (UTC)","name":"Support policy development and assess intervention programs"}
{"_id":{"$oid":"54bca508ff0033ab0cde3353"},"category_id":{"$oid":"54bca508ff0033ab0cde3291"},"created_on":"Mon Jan 19 2015 06:32:40 GMT+0000 (UTC)","modified_on":"Mon Jan 19 2015 06:32:40 GMT+0000 (UTC)","name":"Sourcing Strategy"}
{"_id":{"$oid":"54bca508ff0033ab0cde3354"},"category_id":{"$oid":"54bca508ff0033ab0cde3291"},"created_on":"Mon Jan 19 2015 06:32:40 GMT+0000 (UTC)","modified_on":"Mon Jan 19 2015 06:32:40 GMT+0000 (UTC)","name":"Sourcing Strategy - Sourcing optimization"}
{"_id":{"$oid":"54bca508ff0033ab0cde3355"},"category_id":{"$oid":"54bca508ff0033ab0cde3291"},"created_on":"Mon Jan 19 2015 06:32:40 GMT+0000 (UTC)","modified_on":"Mon Jan 19 2015 06:32:40 GMT+0000 (UTC)","name":"Sourcing Strategy - Supplier Performance Analysis"}
{"_id":{"$oid":"54bca508ff0033ab0cde3356"},"category_id":{"$oid":"54bca508ff0033ab0cde3291"},"created_on":"Mon Jan 19 2015 06:32:40 GMT+0000 (UTC)","modified_on":"Mon Jan 19 2015 06:32:40 GMT+0000 (UTC)","name":"Sourcing Strategy - Hedging  simulation"}
{"_id":{"$oid":"54bca508ff0033ab0cde3357"},"category_id":{"$oid":"54bca508ff0033ab0cde3291"},"created_on":"Mon Jan 19 2015 06:32:40 GMT+0000 (UTC)","modified_on":"Mon Jan 19 2015 06:32:40 GMT+0000 (UTC)","name":"New product design"}
{"_id":{"$oid":"54bca508ff0033ab0cde3358"},"category_id":{"$oid":"54bca508ff0033ab0cde3291"},"created_on":"Mon Jan 19 2015 06:32:40 GMT+0000 (UTC)","modified_on":"Mon Jan 19 2015 06:32:40 GMT+0000 (UTC)","name":"New product design - Flavors and flankers mix optimization"}
{"_id":{"$oid":"54bca508ff0033ab0cde3359"},"category_id":{"$oid":"54bca508ff0033ab0cde3291"},"created_on":"Mon Jan 19 2015 06:32:40 GMT+0000 (UTC)","modified_on":"Mon Jan 19 2015 06:32:40 GMT+0000 (UTC)","name":"New product design - Effect of new packaging design"}
{"_id":{"$oid":"54bca508ff0033ab0cde335a"},"category_id":{"$oid":"54bca508ff0033ab0cde3291"},"created_on":"Mon Jan 19 2015 06:32:40 GMT+0000 (UTC)","modified_on":"Mon Jan 19 2015 06:32:40 GMT+0000 (UTC)","name":"Concept Testing"}
{"_id":{"$oid":"54bca508ff0033ab0cde335b"},"category_id":{"$oid":"54bca508ff0033ab0cde3291"},"created_on":"Mon Jan 19 2015 06:32:40 GMT+0000 (UTC)","modified_on":"Mon Jan 19 2015 06:32:40 GMT+0000 (UTC)","name":"Concept Testing - Choice-based conjoint analysis"}
{"_id":{"$oid":"54bca508ff0033ab0cde335c"},"category_id":{"$oid":"54bca508ff0033ab0cde3291"},"created_on":"Mon Jan 19 2015 06:32:40 GMT+0000 (UTC)","modified_on":"Mon Jan 19 2015 06:32:40 GMT+0000 (UTC)","name":"Geographic Market Assessment"}
{"_id":{"$oid":"54bca508ff0033ab0cde335d"},"category_id":{"$oid":"54bca508ff0033ab0cde3291"},"created_on":"Mon Jan 19 2015 06:32:40 GMT+0000 (UTC)","modified_on":"Mon Jan 19 2015 06:32:40 GMT+0000 (UTC)","name":"Geographic Market Assessment - Market opportunity assessment"}
{"_id":{"$oid":"54bca508ff0033ab0cde335e"},"category_id":{"$oid":"54bca508ff0033ab0cde3291"},"created_on":"Mon Jan 19 2015 06:32:40 GMT+0000 (UTC)","modified_on":"Mon Jan 19 2015 06:32:40 GMT+0000 (UTC)","name":"Geographic Market Assessment - Market segmentation"}
{"_id":{"$oid":"54bca508ff0033ab0cde335f"},"category_id":{"$oid":"54bca508ff0033ab0cde3291"},"created_on":"Mon Jan 19 2015 06:32:40 GMT+0000 (UTC)","modified_on":"Mon Jan 19 2015 06:32:40 GMT+0000 (UTC)","name":"Production Management"}
{"_id":{"$oid":"54bca508ff0033ab0cde3360"},"category_id":{"$oid":"54bca508ff0033ab0cde3291"},"created_on":"Mon Jan 19 2015 06:32:40 GMT+0000 (UTC)","modified_on":"Mon Jan 19 2015 06:32:40 GMT+0000 (UTC)","name":"Production Management - Schedule optimization"}
{"_id":{"$oid":"54bca508ff0033ab0cde3361"},"category_id":{"$oid":"54bca508ff0033ab0cde3291"},"created_on":"Mon Jan 19 2015 06:32:40 GMT+0000 (UTC)","modified_on":"Mon Jan 19 2015 06:32:40 GMT+0000 (UTC)","name":"Production Management - Cycle time optimization"}
{"_id":{"$oid":"54bca508ff0033ab0cde3362"},"category_id":{"$oid":"54bca508ff0033ab0cde3291"},"created_on":"Mon Jan 19 2015 06:32:40 GMT+0000 (UTC)","modified_on":"Mon Jan 19 2015 06:32:40 GMT+0000 (UTC)","name":"Scheduling"}
{"_id":{"$oid":"54bca508ff0033ab0cde3363"},"category_id":{"$oid":"54bca508ff0033ab0cde3291"},"created_on":"Mon Jan 19 2015 06:32:40 GMT+0000 (UTC)","modified_on":"Mon Jan 19 2015 06:32:40 GMT+0000 (UTC)","name":"Scheduling - Freight planning"}
{"_id":{"$oid":"54bca508ff0033ab0cde3364"},"category_id":{"$oid":"54bca508ff0033ab0cde3291"},"created_on":"Mon Jan 19 2015 06:32:40 GMT+0000 (UTC)","modified_on":"Mon Jan 19 2015 06:32:40 GMT+0000 (UTC)","name":"Inventory Management"}
{"_id":{"$oid":"54bca508ff0033ab0cde3365"},"category_id":{"$oid":"54bca508ff0033ab0cde3291"},"created_on":"Mon Jan 19 2015 06:32:40 GMT+0000 (UTC)","modified_on":"Mon Jan 19 2015 06:32:40 GMT+0000 (UTC)","name":"Inventory Management - Inventory forecasting and replenishment"}
{"_id":{"$oid":"54bca508ff0033ab0cde3366"},"category_id":{"$oid":"54bca508ff0033ab0cde3291"},"created_on":"Mon Jan 19 2015 06:32:40 GMT+0000 (UTC)","modified_on":"Mon Jan 19 2015 06:32:40 GMT+0000 (UTC)","name":"Manufacturing Strategy"}
{"_id":{"$oid":"54bca508ff0033ab0cde3367"},"category_id":{"$oid":"54bca508ff0033ab0cde3291"},"created_on":"Mon Jan 19 2015 06:32:40 GMT+0000 (UTC)","modified_on":"Mon Jan 19 2015 06:32:40 GMT+0000 (UTC)","name":"Manufacturing Strategy - Materials requirement planning"}
{"_id":{"$oid":"54bca508ff0033ab0cde3368"},"category_id":{"$oid":"54bca508ff0033ab0cde3291"},"created_on":"Mon Jan 19 2015 06:32:40 GMT+0000 (UTC)","modified_on":"Mon Jan 19 2015 06:32:40 GMT+0000 (UTC)","name":"Manufacturing Strategy - Capacity Management"}
{"_id":{"$oid":"54bca508ff0033ab0cde3369"},"category_id":{"$oid":"54bca508ff0033ab0cde3291"},"created_on":"Mon Jan 19 2015 06:32:40 GMT+0000 (UTC)","modified_on":"Mon Jan 19 2015 06:32:40 GMT+0000 (UTC)","name":"Ship share model"}
{"_id":{"$oid":"54bca508ff0033ab0cde336a"},"category_id":{"$oid":"54bca508ff0033ab0cde3291"},"created_on":"Mon Jan 19 2015 06:32:40 GMT+0000 (UTC)","modified_on":"Mon Jan 19 2015 06:32:40 GMT+0000 (UTC)","name":"Ship share model - Distibution Network"}
{"_id":{"$oid":"54bca508ff0033ab0cde336b"},"category_id":{"$oid":"54bca508ff0033ab0cde3291"},"created_on":"Mon Jan 19 2015 06:32:40 GMT+0000 (UTC)","modified_on":"Mon Jan 19 2015 06:32:40 GMT+0000 (UTC)","name":"Distribution Strategy Design"}
{"_id":{"$oid":"54bca508ff0033ab0cde336c"},"category_id":{"$oid":"54bca508ff0033ab0cde3291"},"created_on":"Mon Jan 19 2015 06:32:40 GMT+0000 (UTC)","modified_on":"Mon Jan 19 2015 06:32:40 GMT+0000 (UTC)","name":"Distribution Strategy Design - Direct to Store Delivery"}
{"_id":{"$oid":"54bca508ff0033ab0cde336d"},"category_id":{"$oid":"54bca508ff0033ab0cde3291"},"created_on":"Mon Jan 19 2015 06:32:40 GMT+0000 (UTC)","modified_on":"Mon Jan 19 2015 06:32:40 GMT+0000 (UTC)","name":"Distribution Strategy Design - Centralized Distribution"}
{"_id":{"$oid":"54bca508ff0033ab0cde336e"},"category_id":{"$oid":"54bca508ff0033ab0cde3291"},"created_on":"Mon Jan 19 2015 06:32:40 GMT+0000 (UTC)","modified_on":"Mon Jan 19 2015 06:32:40 GMT+0000 (UTC)","name":"Distribution Strategy Design - 3PL strategy"}
{"_id":{"$oid":"54bca508ff0033ab0cde336f"},"category_id":{"$oid":"54bca508ff0033ab0cde3291"},"created_on":"Mon Jan 19 2015 06:32:40 GMT+0000 (UTC)","modified_on":"Mon Jan 19 2015 06:32:40 GMT+0000 (UTC)","name":"Resource Management"}
{"_id":{"$oid":"54bca508ff0033ab0cde3370"},"category_id":{"$oid":"54bca508ff0033ab0cde3291"},"created_on":"Mon Jan 19 2015 06:32:40 GMT+0000 (UTC)","modified_on":"Mon Jan 19 2015 06:32:40 GMT+0000 (UTC)","name":"Resource Management - Resource forecasting"}
{"_id":{"$oid":"54bca508ff0033ab0cde3371"},"category_id":{"$oid":"54bca508ff0033ab0cde3291"},"created_on":"Mon Jan 19 2015 06:32:40 GMT+0000 (UTC)","modified_on":"Mon Jan 19 2015 06:32:40 GMT+0000 (UTC)","name":"Resource Management - Performance management"}
{"_id":{"$oid":"54bca508ff0033ab0cde3372"},"category_id":{"$oid":"54bca508ff0033ab0cde3291"},"created_on":"Mon Jan 19 2015 06:32:40 GMT+0000 (UTC)","modified_on":"Mon Jan 19 2015 06:32:40 GMT+0000 (UTC)","name":"Order Fulfillment"}
{"_id":{"$oid":"54bca508ff0033ab0cde3373"},"category_id":{"$oid":"54bca508ff0033ab0cde3291"},"created_on":"Mon Jan 19 2015 06:32:40 GMT+0000 (UTC)","modified_on":"Mon Jan 19 2015 06:32:40 GMT+0000 (UTC)","name":"Order Fulfillment - Shipment scheduling"}
{"_id":{"$oid":"54bca508ff0033ab0cde3374"},"category_id":{"$oid":"54bca508ff0033ab0cde3291"},"created_on":"Mon Jan 19 2015 06:32:40 GMT+0000 (UTC)","modified_on":"Mon Jan 19 2015 06:32:40 GMT+0000 (UTC)","name":"Transportation"}
{"_id":{"$oid":"54bca508ff0033ab0cde3375"},"category_id":{"$oid":"54bca508ff0033ab0cde3291"},"created_on":"Mon Jan 19 2015 06:32:40 GMT+0000 (UTC)","modified_on":"Mon Jan 19 2015 06:32:40 GMT+0000 (UTC)","name":"Transportation - Fleet requirement assessment"}
{"_id":{"$oid":"54bca508ff0033ab0cde3376"},"category_id":{"$oid":"54bca508ff0033ab0cde3291"},"created_on":"Mon Jan 19 2015 06:32:40 GMT+0000 (UTC)","modified_on":"Mon Jan 19 2015 06:32:40 GMT+0000 (UTC)","name":"Transportation - Network optimization"}
{"_id":{"$oid":"54bca508ff0033ab0cde3377"},"category_id":{"$oid":"54bca508ff0033ab0cde3291"},"created_on":"Mon Jan 19 2015 06:32:40 GMT+0000 (UTC)","modified_on":"Mon Jan 19 2015 06:32:40 GMT+0000 (UTC)","name":"Transportation - Vehicle routing"}
{"_id":{"$oid":"54bca508ff0033ab0cde3378"},"category_id":{"$oid":"54bca508ff0033ab0cde3291"},"created_on":"Mon Jan 19 2015 06:32:40 GMT+0000 (UTC)","modified_on":"Mon Jan 19 2015 06:32:40 GMT+0000 (UTC)","name":"Transportation - Marketing Sales Pricing Insights"}
{"_id":{"$oid":"54bca508ff0033ab0cde3379"},"category_id":{"$oid":"54bca508ff0033ab0cde3291"},"created_on":"Mon Jan 19 2015 06:32:40 GMT+0000 (UTC)","modified_on":"Mon Jan 19 2015 06:32:40 GMT+0000 (UTC)","name":"Marketing"}
{"_id":{"$oid":"54bca508ff0033ab0cde337a"},"category_id":{"$oid":"54bca508ff0033ab0cde3291"},"created_on":"Mon Jan 19 2015 06:32:40 GMT+0000 (UTC)","modified_on":"Mon Jan 19 2015 06:32:40 GMT+0000 (UTC)","name":"Marketing - Marketing Mix optimization"}
{"_id":{"$oid":"54bca508ff0033ab0cde337b"},"category_id":{"$oid":"54bca508ff0033ab0cde3291"},"created_on":"Mon Jan 19 2015 06:32:40 GMT+0000 (UTC)","modified_on":"Mon Jan 19 2015 06:32:40 GMT+0000 (UTC)","name":"Marketing - Campaign ROI analysis"}
{"_id":{"$oid":"54bca508ff0033ab0cde337c"},"category_id":{"$oid":"54bca508ff0033ab0cde3291"},"created_on":"Mon Jan 19 2015 06:32:40 GMT+0000 (UTC)","modified_on":"Mon Jan 19 2015 06:32:40 GMT+0000 (UTC)","name":"Marketing - Market share Forecasting"}
{"_id":{"$oid":"54bca508ff0033ab0cde337d"},"category_id":{"$oid":"54bca508ff0033ab0cde3291"},"created_on":"Mon Jan 19 2015 06:32:40 GMT+0000 (UTC)","modified_on":"Mon Jan 19 2015 06:32:40 GMT+0000 (UTC)","name":"Marketing - Multi- channel planning \u0026 effectiveness"}
{"_id":{"$oid":"54bca508ff0033ab0cde337e"},"category_id":{"$oid":"54bca508ff0033ab0cde3291"},"created_on":"Mon Jan 19 2015 06:32:40 GMT+0000 (UTC)","modified_on":"Mon Jan 19 2015 06:32:40 GMT+0000 (UTC)","name":"Branding Solutions"}
{"_id":{"$oid":"54bca508ff0033ab0cde337f"},"category_id":{"$oid":"54bca508ff0033ab0cde3291"},"created_on":"Mon Jan 19 2015 06:32:40 GMT+0000 (UTC)","modified_on":"Mon Jan 19 2015 06:32:40 GMT+0000 (UTC)","name":"Branding Solutions - Brand Equity Measurements"}
{"_id":{"$oid":"54bca508ff0033ab0cde3380"},"category_id":{"$oid":"54bca508ff0033ab0cde3291"},"created_on":"Mon Jan 19 2015 06:32:40 GMT+0000 (UTC)","modified_on":"Mon Jan 19 2015 06:32:40 GMT+0000 (UTC)","name":"Branding Solutions - Concept Testing"}
{"_id":{"$oid":"54bca508ff0033ab0cde3381"},"category_id":{"$oid":"54bca508ff0033ab0cde3291"},"created_on":"Mon Jan 19 2015 06:32:40 GMT+0000 (UTC)","modified_on":"Mon Jan 19 2015 06:32:40 GMT+0000 (UTC)","name":"Sales"}
{"_id":{"$oid":"54bca508ff0033ab0cde3382"},"category_id":{"$oid":"54bca508ff0033ab0cde3291"},"created_on":"Mon Jan 19 2015 06:32:40 GMT+0000 (UTC)","modified_on":"Mon Jan 19 2015 06:32:40 GMT+0000 (UTC)","name":"Sales - Trade dollar allocation"}
{"_id":{"$oid":"54bca508ff0033ab0cde3383"},"category_id":{"$oid":"54bca508ff0033ab0cde3291"},"created_on":"Mon Jan 19 2015 06:32:40 GMT+0000 (UTC)","modified_on":"Mon Jan 19 2015 06:32:40 GMT+0000 (UTC)","name":"Sales - Segmentation and Profiling"}
{"_id":{"$oid":"54bca508ff0033ab0cde3384"},"category_id":{"$oid":"54bca508ff0033ab0cde3291"},"created_on":"Mon Jan 19 2015 06:32:40 GMT+0000 (UTC)","modified_on":"Mon Jan 19 2015 06:32:40 GMT+0000 (UTC)","name":"Sales - Territory/Regional Performance Management"}
{"_id":{"$oid":"54bca508ff0033ab0cde3385"},"category_id":{"$oid":"54bca508ff0033ab0cde3291"},"created_on":"Mon Jan 19 2015 06:32:40 GMT+0000 (UTC)","modified_on":"Mon Jan 19 2015 06:32:40 GMT+0000 (UTC)","name":"Sales - Incentive compensation design"}
{"_id":{"$oid":"54bca508ff0033ab0cde3386"},"category_id":{"$oid":"54bca508ff0033ab0cde3291"},"created_on":"Mon Jan 19 2015 06:32:40 GMT+0000 (UTC)","modified_on":"Mon Jan 19 2015 06:32:40 GMT+0000 (UTC)","name":"Price Optimization"}
{"_id":{"$oid":"54bca508ff0033ab0cde3387"},"category_id":{"$oid":"54bca508ff0033ab0cde3291"},"created_on":"Mon Jan 19 2015 06:32:40 GMT+0000 (UTC)","modified_on":"Mon Jan 19 2015 06:32:40 GMT+0000 (UTC)","name":"Consumer Insights"}
{"_id":{"$oid":"54bca508ff0033ab0cde3388"},"category_id":{"$oid":"54bca508ff0033ab0cde3291"},"created_on":"Mon Jan 19 2015 06:32:40 GMT+0000 (UTC)","modified_on":"Mon Jan 19 2015 06:32:40 GMT+0000 (UTC)","name":"Network utilization \u0026 optimization"}
{"_id":{"$oid":"54bca508ff0033ab0cde3389"},"category_id":{"$oid":"54bca508ff0033ab0cde3291"},"created_on":"Mon Jan 19 2015 06:32:40 GMT+0000 (UTC)","modified_on":"Mon Jan 19 2015 06:32:40 GMT+0000 (UTC)","name":"Capacity Planning"}
{"_id":{"$oid":"54bca508ff0033ab0cde338a"},"category_id":{"$oid":"54bca508ff0033ab0cde3291"},"created_on":"Mon Jan 19 2015 06:32:40 GMT+0000 (UTC)","modified_on":"Mon Jan 19 2015 06:32:40 GMT+0000 (UTC)","name":"Fault analytics"}
{"_id":{"$oid":"54bca508ff0033ab0cde338b"},"category_id":{"$oid":"54bca508ff0033ab0cde3291"},"created_on":"Mon Jan 19 2015 06:32:40 GMT+0000 (UTC)","modified_on":"Mon Jan 19 2015 06:32:40 GMT+0000 (UTC)","name":"Traffic analysis by service"}
{"_id":{"$oid":"54bca508ff0033ab0cde338c"},"category_id":{"$oid":"54bca508ff0033ab0cde3291"},"created_on":"Mon Jan 19 2015 06:32:40 GMT+0000 (UTC)","modified_on":"Mon Jan 19 2015 06:32:40 GMT+0000 (UTC)","name":"Call flow \u0026 usage analysis"}
{"_id":{"$oid":"54bca508ff0033ab0cde338d"},"category_id":{"$oid":"54bca508ff0033ab0cde3291"},"created_on":"Mon Jan 19 2015 06:32:40 GMT+0000 (UTC)","modified_on":"Mon Jan 19 2015 06:32:40 GMT+0000 (UTC)","name":"SKU Optimization \u0026 rationalization"}
{"_id":{"$oid":"54bca508ff0033ab0cde338e"},"category_id":{"$oid":"54bca508ff0033ab0cde3291"},"created_on":"Mon Jan 19 2015 06:32:40 GMT+0000 (UTC)","modified_on":"Mon Jan 19 2015 06:32:40 GMT+0000 (UTC)","name":"Branded Retail analysis"}
{"_id":{"$oid":"54bca508ff0033ab0cde338f"},"category_id":{"$oid":"54bca508ff0033ab0cde3291"},"created_on":"Mon Jan 19 2015 06:32:40 GMT+0000 (UTC)","modified_on":"Mon Jan 19 2015 06:32:40 GMT+0000 (UTC)","name":"Business case validation"}
{"_id":{"$oid":"54bca508ff0033ab0cde3390"},"category_id":{"$oid":"54bca508ff0033ab0cde3291"},"created_on":"Mon Jan 19 2015 06:32:40 GMT+0000 (UTC)","modified_on":"Mon Jan 19 2015 06:32:40 GMT+0000 (UTC)","name":"Capex \u0026 expansion evaluation"}
{"_id":{"$oid":"54bca508ff0033ab0cde3391"},"category_id":{"$oid":"54bca508ff0033ab0cde3291"},"created_on":"Mon Jan 19 2015 06:32:40 GMT+0000 (UTC)","modified_on":"Mon Jan 19 2015 06:32:40 GMT+0000 (UTC)","name":"Billing \u0026 Fraud analysis"}
{"_id":{"$oid":"54bca508ff0033ab0cde3392"},"category_id":{"$oid":"54bca508ff0033ab0cde3291"},"created_on":"Mon Jan 19 2015 06:32:40 GMT+0000 (UTC)","modified_on":"Mon Jan 19 2015 06:32:40 GMT+0000 (UTC)","name":"Budgeting \u0026 Planning"}
{"_id":{"$oid":"54bca508ff0033ab0cde3393"},"category_id":{"$oid":"54bca508ff0033ab0cde3291"},"created_on":"Mon Jan 19 2015 06:32:40 GMT+0000 (UTC)","modified_on":"Mon Jan 19 2015 06:32:40 GMT+0000 (UTC)","name":"Pricing \u0026 Costing strategy"}
{"_id":{"$oid":"54bca508ff0033ab0cde3394"},"category_id":{"$oid":"54bca508ff0033ab0cde3291"},"created_on":"Mon Jan 19 2015 06:32:40 GMT+0000 (UTC)","modified_on":"Mon Jan 19 2015 06:32:40 GMT+0000 (UTC)","name":"Revenue leakage studies"}
{"_id":{"$oid":"54bca508ff0033ab0cde3395"},"category_id":{"$oid":"54bca508ff0033ab0cde3291"},"created_on":"Mon Jan 19 2015 06:32:40 GMT+0000 (UTC)","modified_on":"Mon Jan 19 2015 06:32:40 GMT+0000 (UTC)","name":"Revenue analysis"}
{"_id":{"$oid":"54bca508ff0033ab0cde3396"},"category_id":{"$oid":"54bca508ff0033ab0cde3291"},"created_on":"Mon Jan 19 2015 06:32:40 GMT+0000 (UTC)","modified_on":"Mon Jan 19 2015 06:32:40 GMT+0000 (UTC)","name":"Demand \u0026 Churn forecasting"}
{"_id":{"$oid":"54bca508ff0033ab0cde3397"},"category_id":{"$oid":"54bca508ff0033ab0cde3291"},"created_on":"Mon Jan 19 2015 06:32:40 GMT+0000 (UTC)","modified_on":"Mon Jan 19 2015 06:32:40 GMT+0000 (UTC)","name":"Competitive Strategies"}
{"_id":{"$oid":"54bca508ff0033ab0cde3398"},"category_id":{"$oid":"54bca508ff0033ab0cde3291"},"created_on":"Mon Jan 19 2015 06:32:40 GMT+0000 (UTC)","modified_on":"Mon Jan 19 2015 06:32:40 GMT+0000 (UTC)","name":"Marketing campaign analysis"}
{"_id":{"$oid":"54bca508ff0033ab0cde3399"},"category_id":{"$oid":"54bca508ff0033ab0cde3291"},"created_on":"Mon Jan 19 2015 06:32:40 GMT+0000 (UTC)","modified_on":"Mon Jan 19 2015 06:32:40 GMT+0000 (UTC)","name":"Marketing ROI"}
{"_id":{"$oid":"54bca508ff0033ab0cde339a"},"category_id":{"$oid":"54bca508ff0033ab0cde3291"},"created_on":"Mon Jan 19 2015 06:32:40 GMT+0000 (UTC)","modified_on":"Mon Jan 19 2015 06:32:40 GMT+0000 (UTC)","name":"Sales \u0026 Retail channel analysis"}
{"_id":{"$oid":"54bca508ff0033ab0cde339b"},"category_id":{"$oid":"54bca508ff0033ab0cde3291"},"created_on":"Mon Jan 19 2015 06:32:40 GMT+0000 (UTC)","modified_on":"Mon Jan 19 2015 06:32:40 GMT+0000 (UTC)","name":"Media mix planning"}
{"_id":{"$oid":"54bca508ff0033ab0cde339c"},"category_id":{"$oid":"54bca508ff0033ab0cde3291"},"created_on":"Mon Jan 19 2015 06:32:40 GMT+0000 (UTC)","modified_on":"Mon Jan 19 2015 06:32:40 GMT+0000 (UTC)","name":"Price-point /Elasticity analysis"}
{"_id":{"$oid":"54bca508ff0033ab0cde339d"},"category_id":{"$oid":"54bca508ff0033ab0cde3291"},"created_on":"Mon Jan 19 2015 06:32:40 GMT+0000 (UTC)","modified_on":"Mon Jan 19 2015 06:32:40 GMT+0000 (UTC)","name":"Profitability Analysis (ARPU,AMPU)"}
{"_id":{"$oid":"54bca508ff0033ab0cde339e"},"category_id":{"$oid":"54bca508ff0033ab0cde3291"},"created_on":"Mon Jan 19 2015 06:32:40 GMT+0000 (UTC)","modified_on":"Mon Jan 19 2015 06:32:40 GMT+0000 (UTC)","name":"Acquisition, Retention \u0026 Churn"}
{"_id":{"$oid":"54bca508ff0033ab0cde339f"},"category_id":{"$oid":"54bca508ff0033ab0cde3291"},"created_on":"Mon Jan 19 2015 06:32:40 GMT+0000 (UTC)","modified_on":"Mon Jan 19 2015 06:32:40 GMT+0000 (UTC)","name":"Behavior \u0026 Loyalty"}
{"_id":{"$oid":"54bca508ff0033ab0cde33a0"},"category_id":{"$oid":"54bca508ff0033ab0cde3291"},"created_on":"Mon Jan 19 2015 06:32:40 GMT+0000 (UTC)","modified_on":"Mon Jan 19 2015 06:32:40 GMT+0000 (UTC)","name":"Customer Experience"}
{"_id":{"$oid":"54bca508ff0033ab0cde33a1"},"category_id":{"$oid":"54bca508ff0033ab0cde3291"},"created_on":"Mon Jan 19 2015 06:32:40 GMT+0000 (UTC)","modified_on":"Mon Jan 19 2015 06:32:40 GMT+0000 (UTC)","name":"Profiling \u0026 Segmentation"}
{"_id":{"$oid":"54bca508ff0033ab0cde33a2"},"category_id":{"$oid":"54bca508ff0033ab0cde3291"},"created_on":"Mon Jan 19 2015 06:32:40 GMT+0000 (UTC)","modified_on":"Mon Jan 19 2015 06:32:40 GMT+0000 (UTC)","name":"Lifetime Value"}
{"_id":{"$oid":"54bca508ff0033ab0cde33a3"},"category_id":{"$oid":"54bca508ff0033ab0cde3291"},"created_on":"Mon Jan 19 2015 06:32:40 GMT+0000 (UTC)","modified_on":"Mon Jan 19 2015 06:32:40 GMT+0000 (UTC)","name":"Usage Analysis"}
{"_id":{"$oid":"54bca508ff0033ab0cde33a4"},"category_id":{"$oid":"54bca508ff0033ab0cde3291"},"created_on":"Mon Jan 19 2015 06:32:40 GMT+0000 (UTC)","modified_on":"Mon Jan 19 2015 06:32:40 GMT+0000 (UTC)","name":"Cross Sell / Up Sell"}
{"_id":{"$oid":"54bca508ff0033ab0cde33a5"},"category_id":{"$oid":"54bca508ff0033ab0cde3291"},"created_on":"Mon Jan 19 2015 06:32:40 GMT+0000 (UTC)","modified_on":"Mon Jan 19 2015 06:32:40 GMT+0000 (UTC)","name":"Portfolio Allocation"}
{"_id":{"$oid":"54bca508ff0033ab0cde33a6"},"category_id":{"$oid":"54bca508ff0033ab0cde3291"},"created_on":"Mon Jan 19 2015 06:32:40 GMT+0000 (UTC)","modified_on":"Mon Jan 19 2015 06:32:40 GMT+0000 (UTC)","name":"Sales Forecasting"}
{"_id":{"$oid":"54bca508ff0033ab0cde33a7"},"category_id":{"$oid":"54bca508ff0033ab0cde3291"},"created_on":"Mon Jan 19 2015 06:32:40 GMT+0000 (UTC)","modified_on":"Mon Jan 19 2015 06:32:40 GMT+0000 (UTC)","name":"Real Estate Planning"}
{"_id":{"$oid":"54bca508ff0033ab0cde33a8"},"category_id":{"$oid":"54bca508ff0033ab0cde3291"},"created_on":"Mon Jan 19 2015 06:32:40 GMT+0000 (UTC)","modified_on":"Mon Jan 19 2015 06:32:40 GMT+0000 (UTC)","name":"Performance Drivers Diagnosis"}
{"_id":{"$oid":"54bca508ff0033ab0cde33a9"},"category_id":{"$oid":"54bca508ff0033ab0cde3291"},"created_on":"Mon Jan 19 2015 06:32:40 GMT+0000 (UTC)","modified_on":"Mon Jan 19 2015 06:32:40 GMT+0000 (UTC)","name":"Competitive and Cannabalization Analysis"}
{"_id":{"$oid":"54bca508ff0033ab0cde33aa"},"category_id":{"$oid":"54bca508ff0033ab0cde3291"},"created_on":"Mon Jan 19 2015 06:32:40 GMT+0000 (UTC)","modified_on":"Mon Jan 19 2015 06:32:40 GMT+0000 (UTC)","name":"KPI measurement and reporting"}
{"_id":{"$oid":"54bca508ff0033ab0cde33ab"},"category_id":{"$oid":"54bca508ff0033ab0cde3291"},"created_on":"Mon Jan 19 2015 06:32:40 GMT+0000 (UTC)","modified_on":"Mon Jan 19 2015 06:32:40 GMT+0000 (UTC)","name":"Price Elasticity and Optimization"}
{"_id":{"$oid":"54bca508ff0033ab0cde33ac"},"category_id":{"$oid":"54bca508ff0033ab0cde3291"},"created_on":"Mon Jan 19 2015 06:32:40 GMT+0000 (UTC)","modified_on":"Mon Jan 19 2015 06:32:40 GMT+0000 (UTC)","name":"Private Brand Strategy"}
{"_id":{"$oid":"54bca508ff0033ab0cde33ad"},"category_id":{"$oid":"54bca508ff0033ab0cde3291"},"created_on":"Mon Jan 19 2015 06:32:40 GMT+0000 (UTC)","modified_on":"Mon Jan 19 2015 06:32:40 GMT+0000 (UTC)","name":"Markdown Optimization"}
{"_id":{"$oid":"54bca508ff0033ab0cde33ae"},"category_id":{"$oid":"54bca508ff0033ab0cde3291"},"created_on":"Mon Jan 19 2015 06:32:40 GMT+0000 (UTC)","modified_on":"Mon Jan 19 2015 06:32:40 GMT+0000 (UTC)","name":"Cross Selling Opportunities"}
{"_id":{"$oid":"54bca508ff0033ab0cde33af"},"category_id":{"$oid":"54bca508ff0033ab0cde3291"},"created_on":"Mon Jan 19 2015 06:32:40 GMT+0000 (UTC)","modified_on":"Mon Jan 19 2015 06:32:40 GMT+0000 (UTC)","name":"Market Basket Analysis"}
{"_id":{"$oid":"54bca508ff0033ab0cde33b0"},"category_id":{"$oid":"54bca508ff0033ab0cde3291"},"created_on":"Mon Jan 19 2015 06:32:40 GMT+0000 (UTC)","modified_on":"Mon Jan 19 2015 06:32:40 GMT+0000 (UTC)","name":"Competitive Intelligence"}
{"_id":{"$oid":"54bca508ff0033ab0cde33b1"},"category_id":{"$oid":"54bca508ff0033ab0cde3291"},"created_on":"Mon Jan 19 2015 06:32:40 GMT+0000 (UTC)","modified_on":"Mon Jan 19 2015 06:32:40 GMT+0000 (UTC)","name":"Network Planning and Optimization"}
{"_id":{"$oid":"54bca508ff0033ab0cde33b2"},"category_id":{"$oid":"54bca508ff0033ab0cde3291"},"created_on":"Mon Jan 19 2015 06:32:40 GMT+0000 (UTC)","modified_on":"Mon Jan 19 2015 06:32:40 GMT+0000 (UTC)","name":"Inventory Planning and Replinishment"}
{"_id":{"$oid":"54bca508ff0033ab0cde33b3"},"category_id":{"$oid":"54bca508ff0033ab0cde3291"},"created_on":"Mon Jan 19 2015 06:32:40 GMT+0000 (UTC)","modified_on":"Mon Jan 19 2015 06:32:40 GMT+0000 (UTC)","name":"Transportation Analytics"}
{"_id":{"$oid":"54bca508ff0033ab0cde33b4"},"category_id":{"$oid":"54bca508ff0033ab0cde3291"},"created_on":"Mon Jan 19 2015 06:32:40 GMT+0000 (UTC)","modified_on":"Mon Jan 19 2015 06:32:40 GMT+0000 (UTC)","name":"Supply Chain Performance"}
{"_id":{"$oid":"54bca508ff0033ab0cde33b5"},"category_id":{"$oid":"54bca508ff0033ab0cde3291"},"created_on":"Mon Jan 19 2015 06:32:40 GMT+0000 (UTC)","modified_on":"Mon Jan 19 2015 06:32:40 GMT+0000 (UTC)","name":"Shipment Tracking"}
{"_id":{"$oid":"54bca508ff0033ab0cde33b6"},"category_id":{"$oid":"54bca508ff0033ab0cde3291"},"created_on":"Mon Jan 19 2015 06:32:40 GMT+0000 (UTC)","modified_on":"Mon Jan 19 2015 06:32:40 GMT+0000 (UTC)","name":"Sourcing KPI Reporting"}
{"_id":{"$oid":"54bca508ff0033ab0cde33b7"},"category_id":{"$oid":"54bca508ff0033ab0cde3291"},"created_on":"Mon Jan 19 2015 06:32:40 GMT+0000 (UTC)","modified_on":"Mon Jan 19 2015 06:32:40 GMT+0000 (UTC)","name":"Store Profitability Analysis"}
{"_id":{"$oid":"54bca508ff0033ab0cde33b8"},"category_id":{"$oid":"54bca508ff0033ab0cde3291"},"created_on":"Mon Jan 19 2015 06:32:40 GMT+0000 (UTC)","modified_on":"Mon Jan 19 2015 06:32:40 GMT+0000 (UTC)","name":"Layout Optimization"}
{"_id":{"$oid":"54bca508ff0033ab0cde33b9"},"category_id":{"$oid":"54bca508ff0033ab0cde3291"},"created_on":"Mon Jan 19 2015 06:32:40 GMT+0000 (UTC)","modified_on":"Mon Jan 19 2015 06:32:40 GMT+0000 (UTC)","name":"Loss Prevention"}
{"_id":{"$oid":"54bca508ff0033ab0cde33ba"},"category_id":{"$oid":"54bca508ff0033ab0cde3291"},"created_on":"Mon Jan 19 2015 06:32:40 GMT+0000 (UTC)","modified_on":"Mon Jan 19 2015 06:32:40 GMT+0000 (UTC)","name":"Labor Optimization"}
{"_id":{"$oid":"54bca508ff0033ab0cde33bb"},"category_id":{"$oid":"54bca508ff0033ab0cde3291"},"created_on":"Mon Jan 19 2015 06:32:40 GMT+0000 (UTC)","modified_on":"Mon Jan 19 2015 06:32:40 GMT+0000 (UTC)","name":"Out of Stock Reduction"}
{"_id":{"$oid":"54bca508ff0033ab0cde33bc"},"category_id":{"$oid":"54bca508ff0033ab0cde3291"},"created_on":"Mon Jan 19 2015 06:32:40 GMT+0000 (UTC)","modified_on":"Mon Jan 19 2015 06:32:40 GMT+0000 (UTC)","name":"Customer Conversion"}
{"_id":{"$oid":"54bca508ff0033ab0cde33bd"},"category_id":{"$oid":"54bca508ff0033ab0cde3291"},"created_on":"Mon Jan 19 2015 06:32:40 GMT+0000 (UTC)","modified_on":"Mon Jan 19 2015 06:32:40 GMT+0000 (UTC)","name":"Marketing Mix Optimization"}
{"_id":{"$oid":"54bca508ff0033ab0cde33be"},"category_id":{"$oid":"54bca508ff0033ab0cde3291"},"created_on":"Mon Jan 19 2015 06:32:40 GMT+0000 (UTC)","modified_on":"Mon Jan 19 2015 06:32:40 GMT+0000 (UTC)","name":"Market Profiling and Sizing"}
{"_id":{"$oid":"54bca508ff0033ab0cde33bf"},"category_id":{"$oid":"54bca508ff0033ab0cde3291"},"created_on":"Mon Jan 19 2015 06:32:40 GMT+0000 (UTC)","modified_on":"Mon Jan 19 2015 06:32:40 GMT+0000 (UTC)","name":"Cross Channel Synergies"}
{"_id":{"$oid":"54bca508ff0033ab0cde33c0"},"category_id":{"$oid":"54bca508ff0033ab0cde3291"},"created_on":"Mon Jan 19 2015 06:32:40 GMT+0000 (UTC)","modified_on":"Mon Jan 19 2015 06:32:40 GMT+0000 (UTC)","name":"Marketing Effectiveness"}
{"_id":{"$oid":"54bca508ff0033ab0cde33c1"},"category_id":{"$oid":"54bca508ff0033ab0cde3291"},"created_on":"Mon Jan 19 2015 06:32:40 GMT+0000 (UTC)","modified_on":"Mon Jan 19 2015 06:32:40 GMT+0000 (UTC)","name":"Database Marketing"}
{"_id":{"$oid":"54bca508ff0033ab0cde33c2"},"category_id":{"$oid":"54bca508ff0033ab0cde3291"},"created_on":"Mon Jan 19 2015 06:32:40 GMT+0000 (UTC)","modified_on":"Mon Jan 19 2015 06:32:40 GMT+0000 (UTC)","name":"Customer Insights"}
{"_id":{"$oid":"54bca508ff0033ab0cde33c3"},"category_id":{"$oid":"54bca508ff0033ab0cde3291"},"created_on":"Mon Jan 19 2015 06:32:40 GMT+0000 (UTC)","modified_on":"Mon Jan 19 2015 06:32:40 GMT+0000 (UTC)","name":"Loyalty Program Management"}
{"_id":{"$oid":"54bca508ff0033ab0cde33c4"},"category_id":{"$oid":"54bca508ff0033ab0cde3291"},"created_on":"Mon Jan 19 2015 06:32:40 GMT+0000 (UTC)","modified_on":"Mon Jan 19 2015 06:32:40 GMT+0000 (UTC)","name":"Membership/Retention Analysis"}
{"_id":{"$oid":"54bca508ff0033ab0cde33c5"},"category_id":{"$oid":"54bca508ff0033ab0cde3291"},"created_on":"Mon Jan 19 2015 06:32:40 GMT+0000 (UTC)","modified_on":"Mon Jan 19 2015 06:32:40 GMT+0000 (UTC)","name":"Customer Relationship Management"}
{"_id":{"$oid":"54bca508ff0033ab0cde33c6"},"category_id":{"$oid":"54bca508ff0033ab0cde3291"},"created_on":"Mon Jan 19 2015 06:32:40 GMT+0000 (UTC)","modified_on":"Mon Jan 19 2015 06:32:40 GMT+0000 (UTC)","name":"Survey Score Analysis"}
{"_id":{"$oid":"54bca508ff0033ab0cde33c7"},"category_id":{"$oid":"54bca508ff0033ab0cde3291"},"created_on":"Mon Jan 19 2015 06:32:40 GMT+0000 (UTC)","modified_on":"Mon Jan 19 2015 06:32:40 GMT+0000 (UTC)","name":"Performance Driver Diagnosis"}
{"_id":{"$oid":"54bca508ff0033ab0cde33c8"},"category_id":{"$oid":"54bca508ff0033ab0cde3291"},"created_on":"Mon Jan 19 2015 06:32:40 GMT+0000 (UTC)","modified_on":"Mon Jan 19 2015 06:32:40 GMT+0000 (UTC)","name":"Hedging Strategies"}
{"_id":{"$oid":"54bca508ff0033ab0cde33c9"},"category_id":{"$oid":"54bca508ff0033ab0cde3291"},"created_on":"Mon Jan 19 2015 06:32:40 GMT+0000 (UTC)","modified_on":"Mon Jan 19 2015 06:32:40 GMT+0000 (UTC)","name":"Budget Allocation"}
{"_id":{"$oid":"54bca508ff0033ab0cde33ca"},"category_id":{"$oid":"54bca508ff0033ab0cde3291"},"created_on":"Mon Jan 19 2015 06:32:40 GMT+0000 (UTC)","modified_on":"Mon Jan 19 2015 06:32:40 GMT+0000 (UTC)","name":"Event Modeling"}
{"_id":{"$oid":"54bca508ff0033ab0cde33cb"},"category_id":{"$oid":"54bca508ff0033ab0cde3291"},"created_on":"Mon Jan 19 2015 06:32:40 GMT+0000 (UTC)","modified_on":"Mon Jan 19 2015 06:32:40 GMT+0000 (UTC)","name":"Market Opportunity Assessment"}
{"_id":{"$oid":"54bca508ff0033ab0cde33cc"},"category_id":{"$oid":"54bca508ff0033ab0cde3291"},"created_on":"Mon Jan 19 2015 06:32:40 GMT+0000 (UTC)","modified_on":"Mon Jan 19 2015 06:32:40 GMT+0000 (UTC)","name":"Product Safety Analysis"}
{"_id":{"$oid":"54bca508ff0033ab0cde33cd"},"category_id":{"$oid":"54bca508ff0033ab0cde3291"},"created_on":"Mon Jan 19 2015 06:32:40 GMT+0000 (UTC)","modified_on":"Mon Jan 19 2015 06:32:40 GMT+0000 (UTC)","name":"Visual Analytics"}
{"_id":{"$oid":"54bca508ff0033ab0cde33ce"},"category_id":{"$oid":"54bca508ff0033ab0cde3291"},"created_on":"Mon Jan 19 2015 06:32:40 GMT+0000 (UTC)","modified_on":"Mon Jan 19 2015 06:32:40 GMT+0000 (UTC)","name":"Days-on hand Optimization"}
{"_id":{"$oid":"54bca508ff0033ab0cde33cf"},"category_id":{"$oid":"54bca508ff0033ab0cde3291"},"created_on":"Mon Jan 19 2015 06:32:40 GMT+0000 (UTC)","modified_on":"Mon Jan 19 2015 06:32:40 GMT+0000 (UTC)","name":"Sourcing Optimization"}
{"_id":{"$oid":"54bca508ff0033ab0cde33d0"},"category_id":{"$oid":"54bca508ff0033ab0cde3291"},"created_on":"Mon Jan 19 2015 06:32:40 GMT+0000 (UTC)","modified_on":"Mon Jan 19 2015 06:32:40 GMT+0000 (UTC)","name":"Inventory and Replinishment Planning"}
{"_id":{"$oid":"54bca508ff0033ab0cde33d1"},"category_id":{"$oid":"54bca508ff0033ab0cde3291"},"created_on":"Mon Jan 19 2015 06:32:40 GMT+0000 (UTC)","modified_on":"Mon Jan 19 2015 06:32:40 GMT+0000 (UTC)","name":"Cost Optimization"}
{"_id":{"$oid":"54bca508ff0033ab0cde33d2"},"category_id":{"$oid":"54bca508ff0033ab0cde3291"},"created_on":"Mon Jan 19 2015 06:32:40 GMT+0000 (UTC)","modified_on":"Mon Jan 19 2015 06:32:40 GMT+0000 (UTC)","name":"Simulation based safety stock setting"}
{"_id":{"$oid":"54bca508ff0033ab0cde33d3"},"category_id":{"$oid":"54bca508ff0033ab0cde3291"},"created_on":"Mon Jan 19 2015 06:32:40 GMT+0000 (UTC)","modified_on":"Mon Jan 19 2015 06:32:40 GMT+0000 (UTC)","name":"Cycle Time Optimization"}
{"_id":{"$oid":"54bca508ff0033ab0cde33d4"},"category_id":{"$oid":"54bca508ff0033ab0cde3291"},"created_on":"Mon Jan 19 2015 06:32:40 GMT+0000 (UTC)","modified_on":"Mon Jan 19 2015 06:32:40 GMT+0000 (UTC)","name":"Resource Forecasting"}
{"_id":{"$oid":"54bca508ff0033ab0cde33d5"},"category_id":{"$oid":"54bca508ff0033ab0cde3291"},"created_on":"Mon Jan 19 2015 06:32:40 GMT+0000 (UTC)","modified_on":"Mon Jan 19 2015 06:32:40 GMT+0000 (UTC)","name":"Measurement System Analysis"}
{"_id":{"$oid":"54bca508ff0033ab0cde33d6"},"category_id":{"$oid":"54bca508ff0033ab0cde3291"},"created_on":"Mon Jan 19 2015 06:32:40 GMT+0000 (UTC)","modified_on":"Mon Jan 19 2015 06:32:40 GMT+0000 (UTC)","name":"Quality Optimization"}
{"_id":{"$oid":"54bca508ff0033ab0cde33d7"},"category_id":{"$oid":"54bca508ff0033ab0cde3291"},"created_on":"Mon Jan 19 2015 06:32:40 GMT+0000 (UTC)","modified_on":"Mon Jan 19 2015 06:32:40 GMT+0000 (UTC)","name":"Maintenance Planning"}
{"_id":{"$oid":"54bca508ff0033ab0cde33d8"},"category_id":{"$oid":"54bca508ff0033ab0cde3291"},"created_on":"Mon Jan 19 2015 06:32:40 GMT+0000 (UTC)","modified_on":"Mon Jan 19 2015 06:32:40 GMT+0000 (UTC)","name":"Transportation Cost Allocation"}
{"_id":{"$oid":"54bca508ff0033ab0cde33d9"},"category_id":{"$oid":"54bca508ff0033ab0cde3291"},"created_on":"Mon Jan 19 2015 06:32:40 GMT+0000 (UTC)","modified_on":"Mon Jan 19 2015 06:32:40 GMT+0000 (UTC)","name":"Distribution Centre Productivity Analysis"}
{"_id":{"$oid":"54bca508ff0033ab0cde33da"},"category_id":{"$oid":"54bca508ff0033ab0cde3291"},"created_on":"Mon Jan 19 2015 06:32:40 GMT+0000 (UTC)","modified_on":"Mon Jan 19 2015 06:32:40 GMT+0000 (UTC)","name":"Customer Order Cycle Time Analysis"}
{"_id":{"$oid":"54bca508ff0033ab0cde33db"},"category_id":{"$oid":"54bca508ff0033ab0cde3291"},"created_on":"Mon Jan 19 2015 06:32:40 GMT+0000 (UTC)","modified_on":"Mon Jan 19 2015 06:32:40 GMT+0000 (UTC)","name":"Freight Planning"}
{"_id":{"$oid":"54bca508ff0033ab0cde33dc"},"category_id":{"$oid":"54bca508ff0033ab0cde3291"},"created_on":"Mon Jan 19 2015 06:32:40 GMT+0000 (UTC)","modified_on":"Mon Jan 19 2015 06:32:40 GMT+0000 (UTC)","name":"Sales Driver Analysis"}
{"_id":{"$oid":"54bca508ff0033ab0cde33dd"},"category_id":{"$oid":"54bca508ff0033ab0cde3291"},"created_on":"Mon Jan 19 2015 06:32:40 GMT+0000 (UTC)","modified_on":"Mon Jan 19 2015 06:32:40 GMT+0000 (UTC)","name":"Brand Equity Measurement"}
{"_id":{"$oid":"54bca508ff0033ab0cde33de"},"category_id":{"$oid":"54bca508ff0033ab0cde3291"},"created_on":"Mon Jan 19 2015 06:32:40 GMT+0000 (UTC)","modified_on":"Mon Jan 19 2015 06:32:40 GMT+0000 (UTC)","name":"Maintenance Scheduling"}
{"_id":{"$oid":"54bca508ff0033ab0cde33df"},"category_id":{"$oid":"54bca508ff0033ab0cde3291"},"created_on":"Mon Jan 19 2015 06:32:40 GMT+0000 (UTC)","modified_on":"Mon Jan 19 2015 06:32:40 GMT+0000 (UTC)","name":"Service Cycle Time Optimization"}
{"_id":{"$oid":"54bca508ff0033ab0cde33e0"},"category_id":{"$oid":"54bca508ff0033ab0cde3291"},"created_on":"Mon Jan 19 2015 06:32:40 GMT+0000 (UTC)","modified_on":"Mon Jan 19 2015 06:32:40 GMT+0000 (UTC)","name":"MRO Optimization"}
{"_id":{"$oid":"54bca508ff0033ab0cde33e1"},"category_id":{"$oid":"54bca508ff0033ab0cde3291"},"created_on":"Mon Jan 19 2015 06:32:40 GMT+0000 (UTC)","modified_on":"Mon Jan 19 2015 06:32:40 GMT+0000 (UTC)","name":"Incentive Design and Administration"}
{"_id":{"$oid":"54bca508ff0033ab0cde33e3"},"category_id":{"$oid":"54bca508ff0033ab0cde33e2"},"created_on":"Mon Jan 19 2015 06:32:40 GMT+0000 (UTC)","modified_on":"Mon Jan 19 2015 06:32:40 GMT+0000 (UTC)","name":"Business To Business"}
{"_id":{"$oid":"54bca508ff0033ab0cde33e4"},"category_id":{"$oid":"54bca508ff0033ab0cde33e2"},"created_on":"Mon Jan 19 2015 06:32:40 GMT+0000 (UTC)","modified_on":"Mon Jan 19 2015 06:32:40 GMT+0000 (UTC)","name":"Business To Consumers"}
{"_id":{"$oid":"54bca508ff0033ab0cde33e5"},"category_id":{"$oid":"54bca508ff0033ab0cde33e2"},"created_on":"Mon Jan 19 2015 06:32:40 GMT+0000 (UTC)","modified_on":"Mon Jan 19 2015 06:32:40 GMT+0000 (UTC)","name":"Brick and Mortar"}
{"_id":{"$oid":"54bca508ff0033ab0cde33e6"},"category_id":{"$oid":"54bca508ff0033ab0cde33e2"},"created_on":"Mon Jan 19 2015 06:32:40 GMT+0000 (UTC)","modified_on":"Mon Jan 19 2015 06:32:40 GMT+0000 (UTC)","name":"Online"}
{"_id":{"$oid":"54bca508ff0033ab0cde33e8"},"category_id":{"$oid":"54bca508ff0033ab0cde33e7"},"created_on":"Mon Jan 19 2015 06:32:40 GMT+0000 (UTC)","modified_on":"Mon Jan 19 2015 06:32:40 GMT+0000 (UTC)","name":"Descriptive"}
{"_id":{"$oid":"54bca508ff0033ab0cde33e9"},"category_id":{"$oid":"54bca508ff0033ab0cde33e7"},"created_on":"Mon Jan 19 2015 06:32:40 GMT+0000 (UTC)","modified_on":"Mon Jan 19 2015 06:32:40 GMT+0000 (UTC)","name":"Inquisitive"}
{"_id":{"$oid":"54bca508ff0033ab0cde33ea"},"category_id":{"$oid":"54bca508ff0033ab0cde33e7"},"created_on":"Mon Jan 19 2015 06:32:40 GMT+0000 (UTC)","modified_on":"Mon Jan 19 2015 06:32:40 GMT+0000 (UTC)","name":"Predictive"}
{"_id":{"$oid":"54bca508ff0033ab0cde33eb"},"category_id":{"$oid":"54bca508ff0033ab0cde33e7"},"created_on":"Mon Jan 19 2015 06:32:40 GMT+0000 (UTC)","modified_on":"Mon Jan 19 2015 06:32:40 GMT+0000 (UTC)","name":"Prescriptive"}
{"_id":{"$oid":"54bca508ff0033ab0cde33ed"},"category_id":{"$oid":"54bca508ff0033ab0cde33ec"},"created_on":"Mon Jan 19 2015 06:32:40 GMT+0000 (UTC)","modified_on":"Mon Jan 19 2015 06:32:40 GMT+0000 (UTC)","name":"Not Started"}
{"_id":{"$oid":"54bca508ff0033ab0cde33ee"},"category_id":{"$oid":"54bca508ff0033ab0cde33ec"},"created_on":"Mon Jan 19 2015 06:32:40 GMT+0000 (UTC)","modified_on":"Mon Jan 19 2015 06:32:40 GMT+0000 (UTC)","name":"In Progress"}
{"_id":{"$oid":"54bca508ff0033ab0cde33ef"},"category_id":{"$oid":"54bca508ff0033ab0cde33ec"},"created_on":"Mon Jan 19 2015 06:32:40 GMT+0000 (UTC)","modified_on":"Mon Jan 19 2015 06:32:40 GMT+0000 (UTC)","name":"Completed"}
{"_id":{"$oid":"54bca508ff0033ab0cde33f1"},"category_id":{"$oid":"54bca508ff0033ab0cde33f0"},"created_on":"Mon Jan 19 2015 06:32:40 GMT+0000 (UTC)","modified_on":"Mon Jan 19 2015 06:32:40 GMT+0000 (UTC)","name":"High"}
{"_id":{"$oid":"54bca508ff0033ab0cde33f2"},"category_id":{"$oid":"54bca508ff0033ab0cde33f0"},"created_on":"Mon Jan 19 2015 06:32:40 GMT+0000 (UTC)","modified_on":"Mon Jan 19 2015 06:32:40 GMT+0000 (UTC)","name":"Medium"}
{"_id":{"$oid":"54bca508ff0033ab0cde33f3"},"category_id":{"$oid":"54bca508ff0033ab0cde33f0"},"created_on":"Mon Jan 19 2015 06:32:40 GMT+0000 (UTC)","modified_on":"Mon Jan 19 2015 06:32:40 GMT+0000 (UTC)","name":"Low"}
{"__v":0,"_id":{"$oid":"5502dc3d9fcb671c7e47a536"},"created_on":{"$date":"2015-03-13T12:46:53.206Z"},"modified_on":{"$date":"2015-03-13T12:46:53.206Z"},"name":"my own"}
{"__v":0,"_id":{"$oid":"550682fb9fcb671c7e47a53e"},"category_id":{"$oid":"54bca508ff0033ab0cde33f5"},"created_on":{"$date":"2015-03-16T07:15:07.517Z"},"modified_on":{"$date":"2015-03-16T07:15:07.517Z"},"name":"www"}
{"__v":0,"_id":{"$oid":"5552fa2129d3df046b8d8366"},"category_id":{"$oid":"54bca508ff0033ab0cde33f4"},"created_on":{"$date":"2015-05-13T07:15:45.323Z"},"modified_on":{"$date":"2015-05-13T07:15:45.323Z"},"name":"increase"}
{"__v":0,"_id":{"$oid":"55a60c0329d3df046b8d9027"},"created_on":{"$date":"2015-07-15T07:30:11.849Z"},"modified_on":{"$date":"2015-07-15T07:30:11.849Z"},"name":"MSU"}
{"__v":0,"_id":{"$oid":"55bf427229d3df046b8d9710"},"created_on":{"$date":"2015-08-03T10:29:06.360Z"},"modified_on":{"$date":"2015-08-03T10:29:06.360Z"},"name":"examples"}
{"__v":0,"_id":{"$oid":"5613a6b4d225bb9645a90b9e"},"created_by":{"$oid":"55894d4f4ecf6f5b43bdb4dc"},"created_on":{"$date":"2015-10-06T10:47:16.655Z"},"modified_by":{"$oid":"55894d4f4ecf6f5b43bdb4dc"},"modified_on":{"$date":"2015-10-06T10:47:16.655Z"},"name":"Walmar"}
{"__v":0,"_id":{"$oid":"561fd4f6d225bb9645a9972f"},"created_by":{"$oid":"5614aa323024edfa3e103523"},"created_on":{"$date":"2015-10-15T16:31:50.468Z"},"modified_by":{"$oid":"5614aa323024edfa3e103523"},"modified_on":{"$date":"2015-10-15T16:31:50.468Z"},"name":"Retail"}
{"__v":0,"_id":{"$oid":"561fd4fdd225bb9645a99730"},"created_by":{"$oid":"5614aa323024edfa3e103523"},"created_on":{"$date":"2015-10-15T16:31:57.710Z"},"modified_by":{"$oid":"5614aa323024edfa3e103523"},"modified_on":{"$date":"2015-10-15T16:31:57.710Z"},"name":"Mentoring"}
{"__v":0,"_id":{"$oid":"561fd503d225bb9645a99731"},"created_by":{"$oid":"5614aa323024edfa3e103523"},"created_on":{"$date":"2015-10-15T16:32:03.874Z"},"modified_by":{"$oid":"5614aa323024edfa3e103523"},"modified_on":{"$date":"2015-10-15T16:32:03.874Z"},"name":"Churn"}
{"__v":0,"_id":{"$oid":"561fd515d225bb9645a99732"},"created_by":{"$oid":"5614aa323024edfa3e103523"},"created_on":{"$date":"2015-10-15T16:32:21.384Z"},"modified_by":{"$oid":"5614aa323024edfa3e103523"},"modified_on":{"$date":"2015-10-15T16:32:21.384Z"},"name":"2015"}
{"__v":0,"_id":{"$oid":"562fad4016ae83507faf26bc"},"created_by":{"$oid":"562742521343cf34166b5eee"},"created_on":{"$date":"2015-10-27T16:58:40.792Z"},"modified_by":{"$oid":"562742521343cf34166b5eee"},"modified_on":{"$date":"2015-10-27T16:58:40.792Z"},"name":"demos"}
{"__v":0,"_id":{"$oid":"565e83aa16ae83507fb14d0c"},"category_id":{"$oid":"54bca508ff0033ab0cde3291"},"created_by":{"$oid":"5644187037cc2e7b0e47cd49"},"created_on":{"$date":"2015-12-02T05:37:46.444Z"},"modified_by":{"$oid":"5644187037cc2e7b0e47cd49"},"modified_on":{"$date":"2015-12-02T05:37:46.444Z"},"name":"Increase the sales"}
{"__v":0,"_id":{"$oid":"5666c36016ae83507fb17e7e"},"created_by":{"$oid":"5658056016ae83507fb11776"},"created_on":{"$date":"2015-12-08T11:47:44.665Z"},"modified_by":{"$oid":"5658056016ae83507fb11776"},"modified_on":{"$date":"2015-12-08T11:47:44.665Z"},"name":"Pharma"}
{"__v":0,"_id":{"$oid":"5666c3c716ae83507fb17e89"},"category_id":{"$oid":"54bca508ff0033ab0cde3291"},"created_by":{"$oid":"5658056016ae83507fb11776"},"created_on":{"$date":"2015-12-08T11:49:27.841Z"},"modified_by":{"$oid":"5658056016ae83507fb11776"},"modified_on":{"$date":"2015-12-08T11:49:27.841Z"},"name":"Contract research organization selection"}
