{"_id":{"$oid":"54bca508ff0033ab0cde3279"},"created_on":"Mon Jan 19 2015 06:32:40 GMT+0000 (UTC)","modified_on":"Mon Jan 19 2015 06:32:40 GMT+0000 (UTC)","name":"Functional Type"}
{"_id":{"$oid":"54bca508ff0033ab0cde3291"},"created_on":"Mon Jan 19 2015 06:32:40 GMT+0000 (UTC)","modified_on":"Mon Jan 19 2015 06:32:40 GMT+0000 (UTC)","name":"Problem type"}
{"_id":{"$oid":"54bca508ff0033ab0cde33e2"},"created_on":"Mon Jan 19 2015 06:32:40 GMT+0000 (UTC)","modified_on":"Mon Jan 19 2015 06:32:40 GMT+0000 (UTC)","name":"Business Type"}
{"_id":{"$oid":"54bca508ff0033ab0cde33e7"},"created_on":"Mon Jan 19 2015 06:32:40 GMT+0000 (UTC)","modified_on":"Mon Jan 19 2015 06:32:40 GMT+0000 (UTC)","name":"DIPP™"}
{"_id":{"$oid":"54bca508ff0033ab0cde33ec"},"created_on":"Mon Jan 19 2015 06:32:40 GMT+0000 (UTC)","modified_on":"Mon Jan 19 2015 06:32:40 GMT+0000 (UTC)","name":"Completion Status"}
{"_id":{"$oid":"54bca508ff0033ab0cde33f0"},"created_on":"Mon Jan 19 2015 06:32:40 GMT+0000 (UTC)","modified_on":"Mon Jan 19 2015 06:32:40 GMT+0000 (UTC)","name":"Importance"}
{"_id":{"$oid":"54bca508ff0033ab0cde33f4"},"created_on":"Mon Jan 19 2015 06:32:40 GMT+0000 (UTC)","modified_on":"Mon Jan 19 2015 06:32:40 GMT+0000 (UTC)","name":"Business Goals"}
{"_id":{"$oid":"54bca508ff0033ab0cde33f5"},"created_on":"Mon Jan 19 2015 06:32:40 GMT+0000 (UTC)","modified_on":"Mon Jan 19 2015 06:32:40 GMT+0000 (UTC)","name":"Custom category"}
